{
    "form": [
        {
            "text": "Please enter your text",
            "box": [
                279,
                379,
                527,
                388
            ],
            "font_id": 1020,
            "font_size": 19.975681932264603,
            "style": {
                "bold": false,
                "italic": false,
                "strikeout": false,
                "underline": false
            },
            "linespace": 1.7890000000000001,
            "opacity": 204.0,
            "rotate": 0.0,
            "id": 0,
            "words": [
                {
                    "text": "PLEASE",
                    "box": [
                        279,
                        379,
                        348,
                        388
                    ],
                    "font_size": 19.976,
                    "letter_spacing": 76.091,
                    "font_id": 1020,
                    "color": [
                        253,
                        40,
                        66
                    ]
                },
                {
                    "text": " ",
                    "box": [
                        348,
                        379,
                        357,
                        388
                    ],
                    "font_size": 19.976,
                    "letter_spacing": 76.091,
                    "font_id": 1020,
                    "color": [
                        253,
                        40,
                        66
                    ]
                },
                {
                    "text": "ENTER",
                    "box": [
                        357,
                        379,
                        415,
                        388
                    ],
                    "font_size": 19.976,
                    "letter_spacing": 76.091,
                    "font_id": 1020,
                    "color": [
                        253,
                        40,
                        66
                    ]
                },
                {
                    "text": " ",
                    "box": [
                        415,
                        379,
                        423,
                        388
                    ],
                    "font_size": 19.976,
                    "letter_spacing": 76.091,
                    "font_id": 1020,
                    "color": [
                        253,
                        40,
                        66
                    ]
                },
                {
                    "text": "YOUR",
                    "box": [
                        423,
                        379,
                        472,
                        388
                    ],
                    "font_size": 19.976,
                    "letter_spacing": 76.091,
                    "font_id": 1020,
                    "color": [
                        253,
                        40,
                        66
                    ]
                },
                {
                    "text": " ",
                    "box": [
                        472,
                        379,
                        481,
                        388
                    ],
                    "font_size": 19.976,
                    "letter_spacing": 76.091,
                    "font_id": 1020,
                    "color": [
                        253,
                        40,
                        66
                    ]
                },
                {
                    "text": "TEXT",
                    "box": [
                        481,
                        379,
                        527,
                        388
                    ],
                    "font_size": 19.976,
                    "letter_spacing": 76.091,
                    "font_id": 1020,
                    "color": [
                        253,
                        40,
                        66
                    ]
                }
            ]
        },
        {
            "text": "\ud55c\uad6d \uc0ac\uad50\uc721 \uc2e4\ud0dc\uc870\uc0ac \uff5c \ubb38\ud654\uc640 \uc0dd\ud65c\uff5c\uae40\ub0a8\uae38 \uad50\uc218\ub2d8",
            "box": [
                241,
                73,
                557,
                89
            ],
            "font_id": 1017,
            "font_size": 34.72500265201192,
            "style": {
                "bold": false,
                "italic": false,
                "strikeout": false,
                "underline": false
            },
            "linespace": 1.7890000000000001,
            "opacity": 255.0,
            "rotate": 0.0,
            "id": 1,
            "words": [
                {
                    "text": "\ud55c\uad6d",
                    "box": [
                        241,
                        73,
                        268,
                        89
                    ],
                    "font_size": 34.725,
                    "letter_spacing": -3.571,
                    "font_id": 1017,
                    "color": [
                        255,
                        255,
                        255
                    ]
                },
                {
                    "text": " ",
                    "box": [
                        268,
                        73,
                        272,
                        89
                    ],
                    "font_size": 34.725,
                    "letter_spacing": -3.571,
                    "font_id": 1017,
                    "color": [
                        255,
                        255,
                        255
                    ]
                },
                {
                    "text": "\uc0ac\uad50\uc721",
                    "box": [
                        272,
                        73,
                        312,
                        89
                    ],
                    "font_size": 34.725,
                    "letter_spacing": -3.571,
                    "font_id": 1017,
                    "color": [
                        255,
                        255,
                        255
                    ]
                },
                {
                    "text": " ",
                    "box": [
                        312,
                        73,
                        315,
                        89
                    ],
                    "font_size": 34.725,
                    "letter_spacing": -3.571,
                    "font_id": 1017,
                    "color": [
                        255,
                        255,
                        255
                    ]
                },
                {
                    "text": "\uc2e4\ud0dc\uc870\uc0ac",
                    "box": [
                        315,
                        73,
                        369,
                        89
                    ],
                    "font_size": 34.725,
                    "letter_spacing": -3.571,
                    "font_id": 1017,
                    "color": [
                        255,
                        255,
                        255
                    ]
                },
                {
                    "text": " ",
                    "box": [
                        369,
                        73,
                        372,
                        89
                    ],
                    "font_size": 34.725,
                    "letter_spacing": -3.571,
                    "font_id": 1017,
                    "color": [
                        255,
                        255,
                        255
                    ]
                },
                {
                    "text": "\uff5c",