{
    "form": [
        {
            "text": "\uc7a0\uae50! \uc774\uacf3\uc5d0\uc120",
            "box": [
                324,
                81,
                501,
                104
            ],
            "font_id": -1,
            "font_size": 40.12815667676338,
            "style": {
                "bold": false,
                "italic": false,
                "strikeout": false,
                "underline": false
            },
            "linespace": 1.4,
            "opacity": 255.0,
            "rotate": 0.0,
            "id": 0,
            "words": [
                {
                    "text": "\uc7a0\uae50!",
                    "box": [
                        324,
                        81,
                        386,
                        104
                    ],
                    "font_size": 40.128,
                    "letter_spacing": -5.0,
                    "font_id": 1063,
                    "color": [
                        29,
                        112,
                        183
                    ]
                },
                {
                    "text": " ",
                    "box": [
                        386,
                        81,
                        393,
                        104
                    ],
                    "font_size": 40.128,
                    "letter_spacing": -5.0,
                    "font_id": 1065,
                    "color": [
                        29,
                        112,
                        183
                    ]
                },
                {
                    "text": "\uc774\uacf3\uc5d0\uc120",
                    "box": [
                        393,
                        81,
                        501,
                        104
                    ],
                    "font_size": 40.128,
                    "letter_spacing": -5.0,
                    "font_id": 1065,
                    "color": [
                        29,
                        112,
                        183
                    ]
                }
            ]
        },
        {
            "text": "\uc774 \uacf3 \ubbf8\ub9ac\uc57d\uad6d\uc740 \ub9c8\uc2a4\ud06c \ucc29\uc6a9 \uc758\ubb34\uc2dc\uc124\uc785\ub2c8\ub2e4.",
            "box": [
                119,
                750,
                662,
                773
            ],
            "font_id": 1065,
            "font_size": 39.23377397260274,
            "style": {
                "bold": false,
                "italic": false,
                "strikeout": false,
                "underline": false
            },
            "linespace": 1.4,
            "opacity": 255.0,
            "rotate": 0.0,
            "id": 1,
            "words": [
                {
                    "text": "\uc774",
                    "box": [
                        119,
                        750,
                        146,
                        773
                    ],
                    "font_size": 39.234,
                    "letter_spacing": -5.0,
                    "font_id": 1065,
                    "color": [
                        255,
                        255,
                        255
                    ]
                },
                {
                    "text": " ",
                    "box": [
                        146,
                        750,
                        152,
                        773
                    ],
                    "font_size": 39.234,
                    "letter_spacing": -5.0,
                    "font_id": 1065,
                    "color": [
                        255,
                        255,
                        255
                    ]
                },
                {
                    "text": "\uacf3",
                    "box": [
                        152,
                        750,
                        179,
                        773
                    ],
                    "font_size": 39.234,
                    "letter_spacing": -5.0,
                    "font_id": 1065,
                    "color": [
                        255,
                        255,
                        255
                    ]
                },
                {
                    "text": " ",
                    "box": [
                        179,
                        750,
                        185,
                        773
                    ],
                    "font_size": 39.234,
                    "letter_spacing": -5.0,
                    "font_id": 1065,
                    "color": [
                        255,
                        255,
                        255
                    ]
                },
                {
                    "text": "\ubbf8\ub9ac\uc57d\uad6d",
                    "box": [
                        185,
                        750,
                        291,
                        773
                    ],
                    "font_size": 39.234,
                    "letter_spacing": -5.0,
                    "font_id": 1065,
                    "color": [
                        255,
                        204,
                        27
                    ]
                },
                {
                    "text": "\uc740",
                    "box": [
                        291,
                        750,
                        318,
                        773
                    ],
                    "font_size": 39.234,
                    "letter_spacing": -5.0,
                    "font_id": 1065,
                    "color": [
                        255,
                        255,
                        255
                    ]
                },
                {
                    "text": " ",
                    "box": [
                        318,
                        750,
                        325,
                        773
                    ],
                    "font_size": 39.234,
                    "letter_spacing": -5.0,
                    "font_id": 1065,
                    "color": [
                        255,
                        255,
                        255
                    ]
                },
                {
                    "text": "\ub9c8\uc2a4\ud06c",
                    "box": [
                        325,
                        750,
                        404,
                        773
                    ],
                    "font_size": 39.234,
                    "letter_spacing": -5.0,
                    "font_id": 1065,
                    "color": [
                        255,
                        255,
                        255
                    ]
                },
                {
                    "text": " ",
                    "box": [
                        404,
                        750,
                        411,
                        773
                    ],
                    "font_size": 39.234,
                    "letter_spacing": -5.0,
                    "font_id": 1065,
                    "color": [
                        255,
                        255,
                        255
                    ]
                },
                {
                    "text": "\ucc29\uc6a9",
                    "box": [
                        411,
                        750,
                        464,
                        773
                    ],
                    "font_size": 39.234,
                    "letter_spacing": -5.0,
                    "font_id": 1065,
                    "color": [
                        255,
                        255,
                        255
                    ]
                },
                {
                    "text": " ",