{
    "form": [
        {
            "text": "About the job and key skills",
            "box": [
                234,
                380,
                565,
                401
            ],
            "font_id": 2139,
            "font_size": 33.332499999999996,
            "style": {
                "bold": false,
                "italic": false,
                "strikeout": false,
                "underline": false
            },
            "linespace": 1.2000000000000002,
            "opacity": 255.0,
            "rotate": 0.0,
            "id": 0,
            "words": [
                {
                    "text": "About",
                    "box": [
                        234,
                        380,
                        309,
                        401
                    ],
                    "font_size": 33.333,
                    "letter_spacing": 0.0,
                    "font_id": 2139,
                    "color": [
                        255,
                        255,
                        255
                    ]
                },
                {
                    "text": " ",
                    "box": [
                        309,
                        380,
                        315,
                        401
                    ],
                    "font_size": 33.333,
                    "letter_spacing": 0.0,
                    "font_id": 2139,
                    "color": [
                        255,
                        255,
                        255
                    ]
                },
                {
                    "text": "the",
                    "box": [
                        315,
                        380,
                        356,
                        401
                    ],
                    "font_size": 33.333,
                    "letter_spacing": 0.0,
                    "font_id": 2139,
                    "color": [
                        255,
                        255,
                        255
                    ]
                },
                {
                    "text": " ",
                    "box": [
                        356,
                        380,
                        362,
                        401
                    ],
                    "font_size": 33.333,
                    "letter_spacing": 0.0,
                    "font_id": 2139,
                    "color": [
                        255,
                        255,
                        255
                    ]
                },
                {
                    "text": "job",
                    "box": [
                        362,
                        380,
                        398,
                        401
                    ],
                    "font_size": 33.333,
                    "letter_spacing": 0.0,
                    "font_id": 2139,
                    "color": [
                        255,
                        255,
                        255
                    ]
                },
                {
                    "text": " ",
                    "box": [
                        398,
                        380,
                        404,
                        401
                    ],
                    "font_size": 33.333,
                    "letter_spacing": 0.0,
                    "font_id": 2139,
                    "color": [
                        255,
                        255,
                        255
                    ]
                },
                {
                    "text": "and",
                    "box": [
                        404,
                        380,
                        449,
                        401
                    ],
                    "font_size": 33.333,
                    "letter_spacing": 0.0,
                    "font_id": 2139,
                    "color": [
                        255,
                        255,
                        255
                    ]
                },
                {
                    "text": " ",
                    "box": [
                        449,
                        380,
                        455,
                        401
                    ],
                    "font_size": 33.333,
                    "letter_spacing": 0.0,
                    "font_id": 2139,
                    "color": [
                        255,
                        255,
                        255
                    ]
                },
                {
                    "text": "key",
                    "box": [
                        455,
                        380,
                        498,
                        401
                    ],
                    "font_size": 33.333,
                    "letter_spacing": 0.0,
                    "font_id": 2139,
                    "color": [
                        255,
                        255,
                        255
                    ]
                },
                {
                    "text": " ",
                    "box": [
                        498,
                        380,
                        504,
                        401
                    ],
                    "font_size": 33.333,
                    "letter_spacing": 0.0,
                    "font_id": 2139,
                    "color": [
                        255,
                        255,
                        255
                    ]
                },
                {
                    "text": "skills",
                    "box": [
                        504,
                        380,
                        565,
                        401
                    ],
                    "font_size": 33.333,
                    "letter_spacing": 0.0,
                    "font_id": 2139,
                    "color": [
                        255,
                        255,
                        255
                    ]
                }
            ]
        },
        {
            "text": "This is what we do! All about the HR team!",
            "box": [
                98,
                68,
                701,
                91
            ],
            "font_id": 2140,
            "font_size": 37.82624157303371,
            "style": {
                "bold": false,
                "italic": false,
                "strikeout": false,
                "underline": false
            },
            "linespace": 1.2000000000000002,
            "opacity": 198.9,
            "rotate": 0.0,
            "id": 1,
            "words": [
                {
                    "text": "This",
                    "box": [
                        98,
                        68,
                        160,
                        91
                    ],
                    "font_size": 37.826,
                    "letter_spacing": 0.0,
                    "font_id": 2140,
                    "color": [
                        89,
                        89,
                        89
                    ]
                },
                {
                    "text": " ",
                    "box": [
                        160,
                        68,
                        167,
                        91
                    ],
                    "font_size": 37.826,
                    "letter_spacing": 0.0,
                    "font_id": 2140,
                    "color": [
                        89,
                        89,
                        89
                    ]
                },
                {
                    "text": "is",
                    "box": [
                        167,
                        68,
                        193,
                        91
                    ],
                    "font_size": 37.826,
                    "letter_spacing": 0.0,