{
    "form": [
        {
            "text": "Please enter your text",
            "box": [
                279,
                379,
                527,
                388
            ],
            "font_id": 1020,
            "font_size": 19.975681932264603,
            "style": {
                "bold": false,
                "italic": false,
                "strikeout": false,
                "underline": false
            },
            "linespace": 1.7890000000000001,
            "opacity": 204.0,
            "rotate": 0.0,
            "id": 0,
            "words": [
                {
                    "text": "PLEASE",
                    "box": [
                        279,
                        379,
                        348,
                        388
                    ],
                    "font_size": 19.976,
                    "letter_spacing": 76.091,
                    "font_id": 1020,
                    "color": [
                        253,
                        40,
                        66
                    ]
                },
                {
                    "text": " ",
                    "box": [
                        348,
                        379,
                        357,
                        388
                    ],
                    "font_size": 19.976,
                    "letter_spacing": 76.091,
                    "font_id": 1020,
                    "color": [
                        253,
                        40,
                        66
                    ]
                },
                {
                    "text": "ENTER",
                    "box": [
                        357,
                        379,
                        415,
                        388
                    ],
                    "font_size": 19.976,
                    "letter_spacing": 76.091,
                    "font_id": 1020,
                    "color": [
                        253,
                        40,
                        66
                    ]
                },
                {
                    "text": " ",
                    "box": [
                        415,
                        379,
                        423,
                        388
                    ],
                    "font_size": 19.976,
                    "letter_spacing": 76.091,
                    "font_id": 1020,
                    "color": [
                        253,
                        40,
                        66
                    ]
                },
                {
                    "text": "YOUR",
                    "box": [
                        423,
                        379,
                        472,
                        388
                    ],
                    "font_size": 19.976,
                    "letter_spacing": 76.091,
                    "font_id": 1020,
                    "color": [
                        253,
                        40,
                        66
                    ]
                },
                {
                    "text": " ",
                    "box": [
                        472,
                        379,
                        481,
                        388
                    ],
                    "font_size": 19.976,
                    "letter_spacing": 76.091,
                    "font_id": 1020,
                    "color": [
                        253,
                        40,
                        66
                    ]
                },
                {
                    "text": "TEXT",
                    "box": [
                        481,
                        379,
                        527,
                        388
                    ],
                    "font_size": 19.976,
                    "letter_spacing": 76.091,
                    "font_id": 1020,
                    "color": [
                        253,
                        40,
                        66
                    ]
                }
            ]
        },
        {
            "text": "The name of the class",
            "box": [
                325,
                73,
                474,
                89
            ],
            "font_id": 1017,
            "font_size": 34.72500265201192,
            "style": {
                "bold": false,
                "italic": false,
                "strikeout": false,
                "underline": false
            },
            "linespace": 1.7890000000000001,
            "opacity": 255.0,
            "rotate": 0.0,
            "id": 1,
            "words": [
                {
                    "text": "The",
                    "box": [
                        325,
                        73,
                        350,
                        89
                    ],
                    "font_size": 34.725,
                    "letter_spacing": 0.0,
                    "font_id": 1017,
                    "color": [
                        255,
                        255,
                        255
                    ]
                },
                {
                    "text": " ",
                    "box": [
                        350,
                        73,
                        354,
                        89
                    ],
                    "font_size": 34.725,
                    "letter_spacing": 0.0,
                    "font_id": 1017,
                    "color": [
                        255,
                        255,
                        255
                    ]
                },
                {
                    "text": "name",
                    "box": [
                        354,
                        73,
                        392,
                        89
                    ],
                    "font_size": 34.725,
                    "letter_spacing": 0.0,
                    "font_id": 1017,
                    "color": [
                        255,
                        255,
                        255
                    ]
                },
                {
                    "text": " ",
                    "box": [
                        392,
                        73,
                        396,
                        89
                    ],
                    "font_size": 34.725,
                    "letter_spacing": 0.0,
                    "font_id": 1017,
                    "color": [
                        255,
                        255,
                        255
                    ]
                },
                {
                    "text": "of",
                    "box": [
                        396,
                        73,
                        410,
                        89
                    ],
                    "font_size": 34.725,
                    "letter_spacing": 0.0,
                    "font_id": 1017,
                    "color": [
                        255,
                        255,
                        255
                    ]
                },
                {
                    "text": " ",
                    "box": [
                        410,
                        73,
                        414,
                        89
                    ],
                    "font_size": 34.725,
                    "letter_spacing": 0.0,
                    "font_id": 1017,
                    "color": [
                        255,
                        255,
                        255
                    ]
                },
                {
                    "text": "the",
                    "box": [
                        414,
                        73,
                        436,
                        89
                    ],
                    "font_size": 34.725,
                    "letter_spacing": 0.0,
                    "font_id": 1017,