{
    "form": [
        {
            "text": "Miri Yoga School",
            "box": [
                340,
                397,
                458,
                413
            ],
            "font_id": 2243,
            "font_size": 35.574580384497274,
            "style": {
                "bold": false,
                "italic": false,
                "strikeout": false,
                "underline": false
            },
            "linespace": 1.5500000000000003,
            "opacity": 255.0,
            "rotate": 0.0,
            "id": 0,
            "words": [
                {
                    "text": "Miri",
                    "box": [
                        340,
                        397,
                        365,
                        413
                    ],
                    "font_size": 35.575,
                    "letter_spacing": -2.998,
                    "font_id": 2243,
                    "color": [
                        255,
                        255,
                        255
                    ]
                },
                {
                    "text": " ",
                    "box": [
                        365,
                        397,
                        370,
                        413
                    ],
                    "font_size": 35.575,
                    "letter_spacing": -2.998,
                    "font_id": 2243,
                    "color": [
                        255,
                        255,
                        255
                    ]
                },
                {
                    "text": "Yoga",
                    "box": [
                        370,
                        397,
                        408,
                        413
                    ],
                    "font_size": 35.575,
                    "letter_spacing": -2.998,
                    "font_id": 2243,
                    "color": [
                        255,
                        255,
                        255
                    ]
                },
                {
                    "text": " ",
                    "box": [
                        408,
                        397,
                        412,
                        413
                    ],
                    "font_size": 35.575,
                    "letter_spacing": -2.998,
                    "font_id": 2243,
                    "color": [
                        255,
                        255,
                        255
                    ]
                },
                {
                    "text": "School",
                    "box": [
                        412,
                        397,
                        458,
                        413
                    ],
                    "font_size": 35.575,
                    "letter_spacing": -2.998,
                    "font_id": 2243,
                    "color": [
                        255,
                        255,
                        255
                    ]
                }
            ]
        },
        {
            "text": "Thank you!",
            "box": [
                221,
                173,
                576,
                247
            ],
            "font_id": 2243,
            "font_size": 163.06033536699735,
            "style": {
                "bold": false,
                "italic": false,
                "strikeout": false,
                "underline": false
            },
            "linespace": 1.5499999999999998,
            "opacity": 255.0,
            "rotate": 0.0,
            "id": 1,
            "words": [
                {
                    "text": "Thank",
                    "box": [
                        221,
                        173,
                        419,
                        247
                    ],
                    "font_size": 163.06,
                    "letter_spacing": -3.005,
                    "font_id": 2243,
                    "color": [
                        255,
                        255,
                        255
                    ]
                },
                {
                    "text": " ",
                    "box": [
                        419,
                        173,
                        440,
                        247
                    ],
                    "font_size": 163.06,
                    "letter_spacing": -3.005,
                    "font_id": 2243,
                    "color": [
                        255,
                        255,
                        255
                    ]
                },
                {
                    "text": "you!",
                    "box": [
                        440,
                        173,
                        576,
                        247
                    ],
                    "font_size": 163.06,
                    "letter_spacing": -3.005,
                    "font_id": 2243,
                    "color": [
                        255,
                        255,
                        255
                    ]
                }
            ]
        }
    ]
}