{
    "form": [
        {
            "text": "\ud14d\uc2a4\ud2b8\ub97c",
            "box": [
                229,
                177,
                569,
                252
            ],
            "font_id": 1055,
            "font_size": 133.93599783940917,
            "style": {
                "bold": false,
                "italic": false,
                "strikeout": false,
                "underline": false
            },
            "linespace": 1.0000000000000002,
            "opacity": 255.0,
            "rotate": 0.0,
            "id": 0,
            "words": [
                {
                    "text": "\ud14d\uc2a4\ud2b8\ub97c",
                    "box": [
                        229,
                        177,
                        569,
                        252
                    ],
                    "font_size": 133.936,
                    "letter_spacing": 0.0,
                    "font_id": 1055,
                    "color": [
                        242,
                        123,
                        147
                    ]
                }
            ]
        },
        {
            "text": "\ud574\uc8fc\uc138\uc694",
            "box": [
                316,
                275,
                656,
                349
            ],
            "font_id": 1055,
            "font_size": 133.93599783940917,
            "style": {
                "bold": false,
                "italic": false,
                "strikeout": false,
                "underline": false
            },
            "linespace": 1.0000000000000002,
            "opacity": 255.0,
            "rotate": 0.0,
            "id": 1,
            "words": [
                {
                    "text": "\ud574\uc8fc\uc138\uc694",
                    "box": [
                        316,
                        275,
                        656,
                        349
                    ],
                    "font_size": 133.936,
                    "letter_spacing": 0.0,
                    "font_id": 1055,
                    "color": [
                        242,
                        123,
                        147
                    ]
                }
            ]
        },
        {
            "text": "\uc785\ub825",
            "box": [
                141,
                275,
                311,
                349
            ],
            "font_id": 1055,
            "font_size": 133.93599783940917,
            "style": {
                "bold": false,
                "italic": false,
                "strikeout": false,
                "underline": false
            },
            "linespace": 1.0000000000000002,
            "opacity": 255.0,
            "rotate": 0.0,
            "id": 2,
            "words": [
                {
                    "text": "\uc785\ub825",
                    "box": [
                        141,
                        275,
                        311,
                        349
                    ],
                    "font_size": 133.936,
                    "letter_spacing": 0.0,
                    "font_id": 1055,
                    "color": [
                        238,
                        49,
                        92
                    ]
                }
            ]
        },
        {
            "text": "\u316302.123.4567",
            "box": [
                334,
                453,
                575,
                482
            ],
            "font_id": 1055,
            "font_size": 52.547712044311744,
            "style": {
                "bold": false,
                "italic": false,
                "strikeout": false,
                "underline": false
            },
            "linespace": 1.0,
            "opacity": 255.0,
            "rotate": 0.0,
            "id": 3,
            "words": [
                {
                    "text": "\u316302.123.4567",
                    "box": [
                        334,
                        453,
                        575,
                        482
                    ],
                    "font_size": 52.548,
                    "letter_spacing": 0.0,
                    "font_id": 1055,
                    "color": [
                        242,
                        123,
                        147
                    ]
                }
            ]
        },
        {
            "text": "\ubb38\uc758",
            "box": [
                255,
                453,
                322,
                482
            ],
            "font_id": 1055,
            "font_size": 52.547712044311744,
            "style": {
                "bold": false,
                "italic": false,
                "strikeout": false,
                "underline": false
            },
            "linespace": 1.0,
            "opacity": 255.0,
            "rotate": 0.0,
            "id": 4,
            "words": [
                {
                    "text": "\ubb38\uc758",
                    "box": [
                        255,
                        453,
                        322,
                        482
                    ],
                    "font_size": 52.548,
                    "letter_spacing": 0.0,
                    "font_id": 1055,
                    "color": [
                        238,
                        49,
                        92
                    ]
                }
            ]
        },
        {
            "text": "\uc138\ubd80\ub0b4\uc6a9\uc744 \uc785\ub825\ud574\uc8fc\uc138\uc694",
            "box": [
                241,
                385,
                558,
                411
            ],
            "font_id": 1092,
            "font_size": 48.534298868636064,
            "style": {
                "bold": false,
                "italic": false,
                "strikeout": false,
                "underline": false
            },
            "linespace": 1.105,
            "opacity": 255.0,
            "rotate": 0.0,
            "id": 5,
            "words": [
                {
                    "text": "\uc138\ubd80\ub0b4\uc6a9\uc744",
                    "box": [
                        241,
                        385,
                        382,
                        411
                    ],
                    "font_size": 48.534,
                    "letter_spacing": 0.0,
                    "font_id": 1092,
                    "color": [
                        242,
                        123,
                        147
                    ]
                },
                {
                    "text": " ",
                    "box": [
                        382,
                        385,
                        389,
                        411
                    ],
                    "font_size": 48.534,
                    "letter_spacing": 0.0,
                    "font_id": 1092,
                    "color": [
                        242,
                        123,
                        147
                    ]
                },
                {
                    "text": "\uc785\ub825\ud574\uc8fc\uc138\uc694",
                    "box": [
                        389,
                        385,
                        558,
                        411
                    ],
                    "font_size": 48.534,
                    "letter_spacing": 0.0,
                    "font_id": 1092,
                    "color": [
                        242,
                        123,
                        147
                    ]
                }
            ]
        }
    ]
}