{
    "form": [
        {
            "text": "write something here",
            "box": [
                150,
                174,
                654,
                227
            ],
            "font_id": 392,
            "font_size": 107.81217385887554,
            "style": {
                "bold": false,
                "italic": false,
                "strikeout": false,
                "underline": false
            },
            "linespace": 1.4731534090909089,
            "opacity": 255.0,
            "rotate": 0.0,
            "id": 0,
            "words": [
                {
                    "text": "write",
                    "box": [
                        150,
                        174,
                        285,
                        227
                    ],
                    "font_size": 107.812,
                    "letter_spacing": 9.523,
                    "font_id": 392,
                    "color": [
                        255,
                        255,
                        255
                    ]
                },
                {
                    "text": " ",
                    "box": [
                        285,
                        174,
                        294,
                        227
                    ],
                    "font_size": 107.812,
                    "letter_spacing": 9.523,
                    "font_id": 392,
                    "color": [
                        255,
                        255,
                        255
                    ]
                },
                {
                    "text": "something",
                    "box": [
                        294,
                        174,
                        538,
                        227
                    ],
                    "font_size": 107.812,
                    "letter_spacing": 9.523,
                    "font_id": 392,
                    "color": [
                        255,
                        255,
                        255
                    ]
                },
                {
                    "text": " ",
                    "box": [
                        538,
                        174,
                        546,
                        227
                    ],
                    "font_size": 107.812,
                    "letter_spacing": 9.523,
                    "font_id": 392,
                    "color": [
                        255,
                        255,
                        255
                    ]
                },
                {
                    "text": "here",
                    "box": [
                        546,
                        174,
                        654,
                        227
                    ],
                    "font_size": 107.812,
                    "letter_spacing": 9.523,
                    "font_id": 392,
                    "color": [
                        255,
                        255,
                        255
                    ]
                }
            ]
        },
        {
            "text": "Please enter a brief summary of or introduction to the presentation.",
            "box": [
                168,
                261,
                631,
                277
            ],
            "font_id": 1016,
            "font_size": 35.51831248832989,
            "style": {
                "bold": false,
                "italic": false,
                "strikeout": false,
                "underline": false
            },
            "linespace": 1.469,
            "opacity": 255.0,
            "rotate": 0.0,
            "id": 1,
            "words": [
                {
                    "text": "Please",
                    "box": [
                        168,
                        261,
                        213,
                        277
                    ],
                    "font_size": 35.518,
                    "letter_spacing": 0.0,
                    "font_id": 1016,
                    "color": [
                        255,
                        255,
                        255
                    ]
                },
                {
                    "text": " ",
                    "box": [
                        213,
                        261,
                        217,
                        277
                    ],
                    "font_size": 35.518,
                    "letter_spacing": 0.0,
                    "font_id": 1016,
                    "color": [
                        255,
                        255,
                        255
                    ]
                },
                {
                    "text": "enter",
                    "box": [
                        217,
                        261,
                        253,
                        277
                    ],
                    "font_size": 35.518,
                    "letter_spacing": 0.0,
                    "font_id": 1016,
                    "color": [
                        255,
                        255,
                        255
                    ]
                },
                {
                    "text": " ",
                    "box": [
                        253,
                        261,
                        257,
                        277
                    ],
                    "font_size": 35.518,
                    "letter_spacing": 0.0,
                    "font_id": 1016,
                    "color": [
                        255,
                        255,
                        255
                    ]
                },
                {
                    "text": "a",
                    "box": [
                        257,
                        261,
                        266,
                        277
                    ],
                    "font_size": 35.518,
                    "letter_spacing": 0.0,
                    "font_id": 1016,
                    "color": [
                        255,
                        255,
                        255
                    ]
                },
                {
                    "text": " ",
                    "box": [
                        266,
                        261,
                        270,
                        277
                    ],
                    "font_size": 35.518,
                    "letter_spacing": 0.0,
                    "font_id": 1016,
                    "color": [
                        255,
                        255,
                        255
                    ]
                },
                {
                    "text": "brief",
                    "box": [
                        270,
                        261,
                        301,
                        277
                    ],
                    "font_size": 35.518,
                    "letter_spacing": 0.0,
                    "font_id": 1016,
                    "color": [
                        255,
                        255,
                        255
                    ]
                },
                {
                    "text": " ",
                    "box": [
                        301,
                        261,
                        305,
                        277
                    ],
                    "font_size": 35.518,
                    "letter_spacing": 0.0,
                    "font_id": 1016,
                    "color": [
                        255,
                        255,
                        255
                    ]
                },
                {
                    "text": "summary",
                    "box": [
                        305,
                        261,
                        370,
                        277
                    ],
                    "font_size": 35.518,