{
    "form": [
        {
            "text": "\ud68c\uc6d0\u00a0 \u00a0 \u00a0\ubaa8\uc9d1",
            "box": [
                83,
                387,
                690,
                485
            ],
            "font_id": 1083,
            "font_size": 165.46153493673714,
            "style": {
                "bold": false,
                "italic": true,
                "strikeout": false,
                "underline": false
            },
            "linespace": 1.2,
            "opacity": 255.0,
            "rotate": 0.0,
            "id": 0,
            "words": [
                {
                    "text": "\ud68c\uc6d0",
                    "box": [
                        83,
                        387,
                        320,
                        485
                    ],
                    "font_size": 165.462,
                    "letter_spacing": 0.0,
                    "font_id": 1083,
                    "color": [
                        72,
                        218,
                        73
                    ]
                },
                {
                    "text": "\u00a0 \u00a0 \u00a0",
                    "box": [
                        320,
                        387,
                        461,
                        485
                    ],
                    "font_size": 165.462,
                    "letter_spacing": 0.0,
                    "font_id": 1083,
                    "color": [
                        72,
                        218,
                        73
                    ]
                },
                {
                    "text": "\ubaa8\uc9d1",
                    "box": [
                        461,
                        387,
                        690,
                        485
                    ],
                    "font_size": 165.462,
                    "letter_spacing": 0.0,
                    "font_id": 1083,
                    "color": [
                        72,
                        218,
                        73
                    ]
                }
            ]
        },
        {
            "text": "\ubc30\ub4dc\u00a0 \u00a0 \u00a0\ubbfc\ud134",
            "box": [
                94,
                252,
                702,
                350
            ],
            "font_id": 1083,
            "font_size": 165.46153493673714,
            "style": {
                "bold": false,
                "italic": true,
                "strikeout": false,
                "underline": false
            },
            "linespace": 1.2,
            "opacity": 255.0,
            "rotate": 0.0,
            "id": 1,
            "words": [
                {
                    "text": "\ubc30\ub4dc",
                    "box": [
                        94,
                        252,
                        333,
                        350
                    ],
                    "font_size": 165.462,
                    "letter_spacing": 0.0,
                    "font_id": 1083,
                    "color": [
                        255,
                        255,
                        255
                    ]
                },
                {
                    "text": "\u00a0 \u00a0 \u00a0",
                    "box": [
                        333,
                        252,
                        473,
                        350
                    ],
                    "font_size": 165.462,
                    "letter_spacing": 0.0,
                    "font_id": 1083,
                    "color": [
                        255,
                        255,
                        255
                    ]
                },
                {
                    "text": "\ubbfc\ud134",
                    "box": [
                        473,
                        252,
                        702,
                        350
                    ],
                    "font_size": 165.462,
                    "letter_spacing": 0.0,
                    "font_id": 1083,
                    "color": [
                        255,
                        255,
                        255
                    ]
                }
            ]
        },
        {
            "text": "2034. 4. 20 ~ 26",
            "box": [
                226,
                707,
                571,
                739
            ],
            "font_id": 1083,
            "font_size": 52.98362311530423,
            "style": {
                "bold": false,
                "italic": true,
                "strikeout": false,
                "underline": false
            },
            "linespace": 1.2,
            "opacity": 255.0,
            "rotate": 0.0,
            "id": 3,
            "words": [
                {
                    "text": "2034.",
                    "box": [
                        226,
                        707,
                        349,
                        739
                    ],
                    "font_size": 52.984,
                    "letter_spacing": 4.0,
                    "font_id": 1083,
                    "color": [
                        0,
                        0,
                        0
                    ]
                },
                {
                    "text": " ",
                    "box": [
                        349,
                        707,
                        360,
                        739
                    ],
                    "font_size": 52.984,
                    "letter_spacing": 4.0,
                    "font_id": 1083,
                    "color": [
                        0,
                        0,
                        0
                    ]
                },
                {
                    "text": "4.",
                    "box": [
                        360,
                        707,
                        400,
                        739
                    ],
                    "font_size": 52.984,
                    "letter_spacing": 4.0,
                    "font_id": 1083,
                    "color": [
                        0,
                        0,
                        0
                    ]
                },
                {
                    "text": " ",
                    "box": [
                        400,
                        707,
                        410,
                        739
                    ],
                    "font_size": 52.984,
                    "letter_spacing": 4.0,
                    "font_id": 1083,
                    "color": [
                        0,
                        0,
                        0
                    ]
                },
                {
                    "text": "20",
                    "box": [
                        410,
                        707,
                        465,
                        739
                    ],
                    "font_size": 52.984,
                    "letter_spacing": 4.0,
                    "font_id": 1083,
                    "color": [
                        0,
                        0,
                        0
                    ]
                },
                {
                    "text": " ",
                    "box": [
                        465,
                        707,
                        476,
                        739
                    ],
                    "font_size": 52.984,
                    "letter_spacing": 4.0,
                    "font_id": 1083,
                    "color": [
                        0,
                        0,
                        0
                    ]
                },
                {
                    "text": "~",
                    "box": [
                        476,
                        707,
                        505,
                        739
                    ],