{
    "form": [
        {
            "text": "\uad6d\ubc88\uc5c6\uc774",
            "box": [
                89,
                151,
                487,
                246
            ],
            "font_id": 5556,
            "font_size": 150.92910543866628,
            "style": {
                "bold": false,
                "italic": false,
                "strikeout": false,
                "underline": false
            },
            "linespace": 1.2,
            "opacity": 255.0,
            "rotate": 0.0,
            "id": 0,
            "words": [
                {
                    "text": "\uad6d\ubc88\uc5c6\uc774",
                    "box": [
                        89,
                        151,
                        487,
                        246
                    ],
                    "font_size": 150.929,
                    "letter_spacing": -1.0,
                    "font_id": 5556,
                    "color": [
                        255,
                        255,
                        255
                    ]
                }
            ]
        },
        {
            "text": "188",
            "box": [
                516,
                151,
                709,
                246
            ],
            "font_id": 5556,
            "font_size": 150.9294230914393,
            "style": {
                "bold": false,
                "italic": false,
                "strikeout": false,
                "underline": false
            },
            "linespace": 1.2,
            "opacity": 255.0,
            "rotate": 0.0,
            "id": 1,
            "words": [
                {
                    "text": "188",
                    "box": [
                        516,
                        151,
                        709,
                        246
                    ],
                    "font_size": 150.929,
                    "letter_spacing": -1.0,
                    "font_id": 5556,
                    "color": [
                        255,
                        226,
                        0
                    ]
                }
            ]
        },
        {
            "text": "\ud574\ud0b9, \ubc14\uc774\ub7ec\uc2a4, \uac1c\uc778\uc815\ubcf4 \uce68\ud574 \uc0c1\ub2f4 \ubc0f \uc2e0\uace0",
            "box": [
                109,
                85,
                691,
                112
            ],
            "font_id": 1055,
            "font_size": 40.760016806722696,
            "style": {
                "bold": false,
                "italic": false,
                "strikeout": false,
                "underline": false
            },
            "linespace": 1.2,
            "opacity": 255.0,
            "rotate": 0.0,
            "id": 2,
            "words": [
                {
                    "text": "\ud574\ud0b9,",
                    "box": [
                        109,
                        85,
                        178,
                        112
                    ],
                    "font_size": 40.76,
                    "letter_spacing": 0.0,
                    "font_id": 1055,
                    "color": [
                        255,
                        255,
                        255
                    ]
                },
                {
                    "text": " ",
                    "box": [
                        178,
                        85,
                        187,
                        112
                    ],
                    "font_size": 40.76,
                    "letter_spacing": 0.0,
                    "font_id": 1055,
                    "color": [
                        255,
                        255,
                        255
                    ]
                },
                {
                    "text": "\ubc14\uc774\ub7ec\uc2a4,",
                    "box": [
                        187,
                        85,
                        316,
                        112
                    ],
                    "font_size": 40.76,
                    "letter_spacing": 0.0,
                    "font_id": 1055,
                    "color": [
                        255,
                        255,
                        255
                    ]
                },
                {
                    "text": " ",
                    "box": [
                        316,
                        85,
                        325,
                        112
                    ],
                    "font_size": 40.76,
                    "letter_spacing": 0.0,
                    "font_id": 1055,
                    "color": [
                        255,
                        255,
                        255
                    ]
                },
                {
                    "text": "\uac1c\uc778\uc815\ubcf4",
                    "box": [
                        325,
                        85,
                        445,
                        112
                    ],
                    "font_size": 40.76,
                    "letter_spacing": 0.0,
                    "font_id": 1055,
                    "color": [
                        255,
                        255,
                        255
                    ]
                },
                {
                    "text": " ",
                    "box": [
                        445,
                        85,
                        454,
                        112
                    ],
                    "font_size": 40.76,
                    "letter_spacing": 0.0,
                    "font_id": 1055,
                    "color": [
                        255,
                        255,
                        255
                    ]
                },
                {
                    "text": "\uce68\ud574",
                    "box": [
                        454,
                        85,
                        514,
                        112
                    ],
                    "font_size": 40.76,
                    "letter_spacing": 0.0,
                    "font_id": 1055,
                    "color": [
                        255,
                        255,
                        255
                    ]
                },
                {
                    "text": " ",
                    "box": [
                        514,
                        85,
                        523,
                        112
                    ],
                    "font_size": 40.76,
                    "letter_spacing": 0.0,
                    "font_id": 1055,
                    "color": [
                        255,
                        255,
                        255
                    ]
                },
                {
                    "text": "\uc0c1\ub2f4",
                    "box": [
                        523,
                        85,
                        583,
                        112
                    ],
                    "font_size": 40.76,
                    "letter_spacing": 0.0,
                    "font_id": 1055,
                    "color": [
                        255,
                        255,
                        255
                    ]
                },
                {
                    "text": " ",
                    "box": [
                        583,
                        85,
                        592,
                        112
                    ],
                    "font_size": 40.76,
                    "letter_spacing": 0.0,
                    "font_id": 1055,
                    "color": [
                        255,
                        255,
                        255
                    ]
                },
                {
                    "text": "\ubc0f",