{
    "form": [
        {
            "text": "\ubbf8\ub9ac\ud0a4\uce5c \ub9e4\uc7a5 \ub9ac\ubaa8\ub378\ub9c1 \uc778\ud14c\ub9ac\uc5b4 \ucee8\uc149\ubcf4\ub4dc",
            "box": [
                268,
                299,
                530,
                314
            ],
            "font_id": 1071,
            "font_size": 36.13243,
            "style": {
                "bold": false,
                "italic": false,
                "strikeout": false,
                "underline": false
            },
            "linespace": 1.0472000000000001,
            "opacity": 255.0,
            "rotate": 0.0,
            "id": 0,
            "words": [
                {
                    "text": "\ubbf8\ub9ac\ud0a4\uce5c",
                    "box": [
                        268,
                        299,
                        323,
                        314
                    ],
                    "font_size": 36.133,
                    "letter_spacing": -3.0,
                    "font_id": 1071,
                    "color": [
                        232,
                        169,
                        125
                    ]
                },
                {
                    "text": " ",
                    "box": [
                        323,
                        299,
                        327,
                        314
                    ],
                    "font_size": 36.133,
                    "letter_spacing": -3.0,
                    "font_id": 1071,
                    "color": [
                        232,
                        169,
                        125
                    ]
                },
                {
                    "text": "\ub9e4\uc7a5",
                    "box": [
                        327,
                        299,
                        354,
                        314
                    ],
                    "font_size": 36.133,
                    "letter_spacing": -3.0,
                    "font_id": 1071,
                    "color": [
                        232,
                        169,
                        125
                    ]
                },
                {
                    "text": " ",
                    "box": [
                        354,
                        299,
                        358,
                        314
                    ],
                    "font_size": 36.133,
                    "letter_spacing": -3.0,
                    "font_id": 1071,
                    "color": [
                        232,
                        169,
                        125
                    ]
                },
                {
                    "text": "\ub9ac\ubaa8\ub378\ub9c1",
                    "box": [
                        358,
                        299,
                        413,
                        314
                    ],
                    "font_size": 36.133,
                    "letter_spacing": -3.0,
                    "font_id": 1071,
                    "color": [
                        232,
                        169,
                        125
                    ]
                },
                {
                    "text": " ",
                    "box": [
                        413,
                        299,
                        417,
                        314
                    ],
                    "font_size": 36.133,
                    "letter_spacing": -3.0,
                    "font_id": 1071,
                    "color": [
                        232,
                        169,
                        125
                    ]
                },
                {
                    "text": "\uc778\ud14c\ub9ac\uc5b4",
                    "box": [
                        417,
                        299,
                        472,
                        314
                    ],
                    "font_size": 36.133,
                    "letter_spacing": -3.0,
                    "font_id": 1071,
                    "color": [
                        232,
                        169,
                        125
                    ]
                },
                {
                    "text": " ",
                    "box": [
                        472,
                        299,
                        476,
                        314
                    ],
                    "font_size": 36.133,
                    "letter_spacing": -3.0,
                    "font_id": 1071,
                    "color": [
                        232,
                        169,
                        125
                    ]
                },
                {
                    "text": "\ucee8\uc149\ubcf4\ub4dc",
                    "box": [
                        476,
                        299,
                        530,
                        314
                    ],
                    "font_size": 36.133,
                    "letter_spacing": -3.0,
                    "font_id": 1071,
                    "color": [
                        232,
                        169,
                        125
                    ]
                }
            ]
        },
        {
            "text": "kitchen",
            "box": [
                373,
                147,
                578,
                209
            ],
            "font_id": 740,
            "font_size": 169.02254519398275,
            "style": {
                "bold": false,
                "italic": false,
                "strikeout": false,
                "underline": false
            },
            "linespace": 1.05,
            "opacity": 255.0,
            "rotate": 0.0,
            "id": 1,
            "words": [
                {
                    "text": "kitchen",
                    "box": [
                        373,
                        147,
                        578,
                        209
                    ],
                    "font_size": 169.023,
                    "letter_spacing": 0.0,
                    "font_id": 740,
                    "color": [
                        131,
                        100,
                        78
                    ]
                }
            ]
        },
        {
            "text": "Miri",
            "box": [
                215,
                149,
                358,
                211
            ],
            "font_id": 663,
            "font_size": 184.22130870408213,
            "style": {
                "bold": true,
                "italic": false,
                "strikeout": false,
                "underline": false
            },
            "linespace": 1.05,
            "opacity": 255.0,
            "rotate": 0.0,
            "id": 2,
            "words": [
                {
                    "text": "M",
                    "box": [
                        215,
                        149,
                        299,
                        211
                    ],
                    "font_size": 184.222,
                    "letter_spacing": 0.0,
                    "font_id": 663,
                    "color": [
                        232,
                        169,
                        125
                    ]
                },
                {
                    "text": "i",
                    "box": [
                        299,
                        149,
                        317,
                        211
                    ],
                    "font_size": 184.222,
                    "letter_spacing": 0.0,
                    "font_id": 663,
                    "color": [
                        232,
                        169,
                        125
                    ]
                },
                {
                    "text": "r",