{
    "form": [
        {
            "text": "HAPPY NEW YEAR",
            "box": [
                138,
                132,
                265,
                142
            ],
            "font_id": 1019,
            "font_size": 27.60746166314089,
            "style": {
                "bold": false,
                "italic": false,
                "strikeout": false,
                "underline": false
            },
            "linespace": 1.7889999999999997,
            "opacity": 255.0,
            "rotate": 0.0,
            "id": 0,
            "words": [
                {
                    "text": "HAPPY",
                    "box": [
                        138,
                        132,
                        185,
                        142
                    ],
                    "font_size": 27.607,
                    "letter_spacing": 35.175,
                    "font_id": 1019,
                    "color": [
                        164,
                        167,
                        154
                    ]
                },
                {
                    "text": " ",
                    "box": [
                        185,
                        132,
                        191,
                        142
                    ],
                    "font_size": 27.607,
                    "letter_spacing": 35.175,
                    "font_id": 1019,
                    "color": [
                        164,
                        167,
                        154
                    ]
                },
                {
                    "text": "NEW",
                    "box": [
                        191,
                        132,
                        222,
                        142
                    ],
                    "font_size": 27.607,
                    "letter_spacing": 35.175,
                    "font_id": 1019,
                    "color": [
                        164,
                        167,
                        154
                    ]
                },
                {
                    "text": " ",
                    "box": [
                        222,
                        132,
                        228,
                        142
                    ],
                    "font_size": 27.607,
                    "letter_spacing": 35.175,
                    "font_id": 1019,
                    "color": [
                        164,
                        167,
                        154
                    ]
                },
                {
                    "text": "YEAR",
                    "box": [
                        228,
                        132,
                        265,
                        142
                    ],
                    "font_size": 27.607,
                    "letter_spacing": 35.175,
                    "font_id": 1019,
                    "color": [
                        164,
                        167,
                        154
                    ]
                }
            ]
        },
        {
            "text": "thank\nyou",
            "box": [
                134,
                143,
                265,
                224
            ],
            "font_id": 740,
            "font_size": 176.47655336250298,
            "style": {
                "bold": false,
                "italic": true,
                "strikeout": false,
                "underline": false
            },
            "linespace": 0.5000000000000001,
            "opacity": 255.0,
            "rotate": 0.0,
            "id": 1,
            "words": [
                {
                    "text": "thank",
                    "box": [
                        134,
                        143,
                        265,
                        195
                    ],
                    "font_size": 176.477,
                    "letter_spacing": 0.0,
                    "font_id": 740,
                    "color": [
                        164,
                        167,
                        154
                    ]
                },
                {
                    "text": "you",
                    "box": [
                        157,
                        172,
                        242,
                        224
                    ],
                    "font_size": 176.477,
                    "letter_spacing": 0.0,
                    "font_id": 740,
                    "color": [
                        164,
                        167,
                        154
                    ]
                }
            ]
        },
        {
            "text": "Lorem ipsum dolor sit amet, it, ded do siusmod\ntempor incididunt ut lavore et dolore",
            "box": [
                126,
                251,
                273,
                268
            ],
            "font_id": 1017,
            "font_size": 20.204446573381695,
            "style": {
                "bold": false,
                "italic": false,
                "strikeout": false,
                "underline": false
            },
            "linespace": 1.31214,
            "opacity": 255.0,
            "rotate": 0.0,
            "id": 2,
            "words": [
                {
                    "text": "Lorem",
                    "box": [
                        126,
                        251,
                        146,
                        259
                    ],
                    "font_size": 20.204,
                    "letter_spacing": 0.0,
                    "font_id": 1017,
                    "color": [
                        164,
                        167,
                        154
                    ]
                },
                {
                    "text": " ",
                    "box": [
                        146,
                        251,
                        148,
                        259
                    ],
                    "font_size": 20.204,
                    "letter_spacing": 0.0,
                    "font_id": 1017,
                    "color": [
                        164,
                        167,
                        154
                    ]
                },
                {
                    "text": "ipsum",
                    "box": [
                        148,
                        251,
                        167,
                        259
                    ],
                    "font_size": 20.204,
                    "letter_spacing": 0.0,
                    "font_id": 1017,
                    "color": [
                        164,
                        167,
                        154
                    ]
                },
                {
                    "text": " ",
                    "box": [
                        167,
                        251,
                        168,
                        259
                    ],
                    "font_size": 20.204,
                    "letter_spacing": 0.0,
                    "font_id": 1017,
                    "color": [
                        164,
                        167,
                        154
                    ]
                },
                {
                    "text": "dolor",
                    "box": [
                        168,
                        251,
                        184,
                        259
                    ],
                    "font_size": 20.204,
                    "letter_spacing": 0.0,
                    "font_id": 1017,
                    "color": [
                        164,
                        167,
                        154
                    ]
                },
                {
                    "text": " ",