{
    "form": [
        {
            "text": "\uc791\ud488\uba85\uc744\n\uc785\ub825\ud574\uc8fc\uc138\uc694",
            "box": [
                152,
                99,
                471,
                232
            ],
            "font_id": 2303,
            "font_size": 85.4454656862745,
            "style": {
                "bold": false,
                "italic": false,
                "strikeout": false,
                "underline": false
            },
            "linespace": 1.2,
            "opacity": 255.0,
            "rotate": 0.0,
            "id": 0,
            "words": [
                {
                    "text": "\uc791\ud488\uba85\uc744",
                    "box": [
                        206,
                        99,
                        418,
                        158
                    ],
                    "font_size": 85.445,
                    "letter_spacing": -1.0,
                    "font_id": 2303,
                    "color": [
                        176,
                        71,
                        24
                    ]
                },
                {
                    "text": "\uc785\ub825\ud574\uc8fc\uc138\uc694",
                    "box": [
                        152,
                        174,
                        471,
                        232
                    ],
                    "font_size": 85.445,
                    "letter_spacing": -1.0,
                    "font_id": 2303,
                    "color": [
                        176,
                        71,
                        24
                    ]
                }
            ]
        },
        {
            "text": "-\u00a0 \u00a0 \ub85c\uace0\uc704\uce58\u00a0 \u00a0 -",
            "box": [
                235,
                46,
                389,
                69
            ],
            "font_id": 2308,
            "font_size": 33.65370762711864,
            "style": {
                "bold": false,
                "italic": false,
                "strikeout": false,
                "underline": false
            },
            "linespace": 1.34,
            "opacity": 255.0,
            "rotate": 0.0,
            "id": 1,
            "words": [
                {
                    "text": "-",
                    "box": [
                        235,
                        46,
                        245,
                        69
                    ],
                    "font_size": 33.654,
                    "letter_spacing": 0.0,
                    "font_id": 2308,
                    "color": [
                        176,
                        71,
                        24
                    ]
                },
                {
                    "text": "\u00a0 \u00a0 ",
                    "box": [
                        245,
                        46,
                        270,
                        69
                    ],
                    "font_size": 33.654,
                    "letter_spacing": 0.0,
                    "font_id": 2308,
                    "color": [
                        176,
                        71,
                        24
                    ]
                },
                {
                    "text": "\ub85c\uace0\uc704\uce58",
                    "box": [
                        270,
                        46,
                        354,
                        69
                    ],
                    "font_size": 33.654,
                    "letter_spacing": 0.0,
                    "font_id": 2308,
                    "color": [
                        176,
                        71,
                        24
                    ]
                },
                {
                    "text": "\u00a0 \u00a0 ",
                    "box": [
                        354,
                        46,
                        379,
                        69
                    ],
                    "font_size": 33.654,
                    "letter_spacing": 0.0,
                    "font_id": 2308,
                    "color": [
                        176,
                        71,
                        24
                    ]
                },
                {
                    "text": "-",
                    "box": [
                        379,
                        46,
                        389,
                        69
                    ],
                    "font_size": 33.654,
                    "letter_spacing": 0.0,
                    "font_id": 2308,
                    "color": [
                        176,
                        71,
                        24
                    ]
                }
            ]
        }
    ]
}