{
    "form": [
        {
            "text": "ONE MONTH",
            "box": [
                51,
                55,
                207,
                80
            ],
            "font_id": 1021,
            "font_size": 35.91967510883263,
            "style": {
                "bold": false,
                "italic": false,
                "strikeout": false,
                "underline": false
            },
            "linespace": 1.389,
            "opacity": 255.0,
            "rotate": 0.0,
            "id": 0,
            "words": [
                {
                    "text": "ONE",
                    "box": [
                        51,
                        55,
                        104,
                        80
                    ],
                    "font_size": 35.92,
                    "letter_spacing": 10.0,
                    "font_id": 1021,
                    "color": [
                        253,
                        138,
                        105
                    ]
                },
                {
                    "text": " ",
                    "box": [
                        104,
                        55,
                        113,
                        80
                    ],
                    "font_size": 35.92,
                    "letter_spacing": 10.0,
                    "font_id": 1021,
                    "color": [
                        253,
                        138,
                        105
                    ]
                },
                {
                    "text": "MONTH",
                    "box": [
                        113,
                        55,
                        207,
                        80
                    ],
                    "font_size": 35.92,
                    "letter_spacing": 10.0,
                    "font_id": 1021,
                    "color": [
                        253,
                        138,
                        105
                    ]
                }
            ]
        },
        {
            "text": "JAN\u00a0 \u00a0 FEB\u00a0 \u00a0 MAR\u00a0 \u00a0 APR\u00a0 \u00a0 \u00a0MAY\u00a0 \u00a0 JUN\u00a0 \u00a0\u00a0\nJUL\u00a0 \u00a0 AUG\u00a0 \u00a0 SEPT\u00a0 \u00a0 OCT\u00a0 \u00a0 NOV\u00a0 \u00a0 DEC",
            "box": [
                270,
                58,
                523,
                88
            ],
            "font_id": 781,
            "font_size": 20.189201772585488,
            "style": {
                "bold": true,
                "italic": false,
                "strikeout": false,
                "underline": false
            },
            "linespace": 1.505,
            "opacity": 255.0,
            "rotate": 0.0,
            "id": 1,
            "words": [
                {
                    "text": "JAN",
                    "box": [
                        270,
                        58,
                        296,
                        68
                    ],
                    "font_size": 20.189,
                    "letter_spacing": 4.0,
                    "font_id": 781,
                    "color": [
                        253,
                        138,
                        105
                    ]
                },
                {
                    "text": "\u00a0 \u00a0 ",
                    "box": [
                        296,
                        58,
                        310,
                        68
                    ],
                    "font_size": 20.189,
                    "letter_spacing": 4.0,
                    "font_id": 781,
                    "color": [
                        253,
                        138,
                        105
                    ]
                },
                {
                    "text": "FEB",
                    "box": [
                        310,
                        58,
                        335,
                        68
                    ],
                    "font_size": 20.189,
                    "letter_spacing": 4.0,
                    "font_id": 781,
                    "color": [
                        253,
                        138,
                        105
                    ]
                },
                {
                    "text": "\u00a0 \u00a0 ",
                    "box": [
                        335,
                        58,
                        350,
                        68
                    ],
                    "font_size": 20.189,
                    "letter_spacing": 4.0,
                    "font_id": 781,
                    "color": [
                        253,
                        138,
                        105
                    ]
                },
                {
                    "text": "MAR",
                    "box": [
                        350,
                        58,
                        379,
                        68
                    ],
                    "font_size": 20.189,
                    "letter_spacing": 4.0,
                    "font_id": 781,
                    "color": [
                        253,
                        138,
                        105
                    ]
                },
                {
                    "text": "\u00a0 \u00a0 ",
                    "box": [
                        379,
                        58,
                        394,
                        68
                    ],
                    "font_size": 20.189,
                    "letter_spacing": 4.0,
                    "font_id": 781,
                    "color": [
                        253,
                        138,
                        105
                    ]
                },
                {
                    "text": "APR",
                    "box": [
                        394,
                        58,
                        420,
                        68
                    ],
                    "font_size": 20.189,
                    "letter_spacing": 4.0,
                    "font_id": 781,
                    "color": [
                        253,
                        138,
                        105
                    ]
                },
                {
                    "text": "\u00a0 \u00a0 \u00a0",
                    "box": [
                        420,
                        58,
                        439,
                        68
                    ],
                    "font_size": 20.189,
                    "letter_spacing": 4.0,
                    "font_id": 781,
                    "color": [
                        253,
                        138,
                        105
                    ]
                },
                {
                    "text": "MAY",
                    "box": [
                        439,
                        58,
                        468,
                        68
                    ],
                    "font_size": 20.189,
                    "letter_spacing": 4.0,
                    "font_id": 781,
                    "color": [
                        253,
                        138,
                        105
                    ]
                },
                {
                    "text": "\u00a0 \u00a0 ",
                    "box": [
                        468,
                        58,
                        483,
                        68
                    ],
                    "font_size": 20.189,
                    "letter_spacing": 4.0,
                    "font_id": 781,
                    "color": [
                        253,
                        138,
                        105
                    ]
                },
                {
                    "text": "JUN",