{
    "form": [
        {
            "text": "Total sales of 5 billion a year.",
            "box": [
                129,
                298,
                271,
                307
            ],
            "font_id": 668,
            "font_size": 27.404210701657263,
            "style": {
                "bold": false,
                "italic": false,
                "strikeout": false,
                "underline": false
            },
            "linespace": 1.4099999999999997,
            "opacity": 255.0,
            "rotate": 0.0,
            "id": 0,
            "words": [
                {
                    "text": "Total",
                    "box": [
                        129,
                        298,
                        153,
                        307
                    ],
                    "font_size": 27.404,
                    "letter_spacing": 4.598,
                    "font_id": 668,
                    "color": [
                        199,
                        182,
                        131
                    ]
                },
                {
                    "text": " ",
                    "box": [
                        153,
                        298,
                        157,
                        307
                    ],
                    "font_size": 27.404,
                    "letter_spacing": 4.598,
                    "font_id": 668,
                    "color": [
                        199,
                        182,
                        131
                    ]
                },
                {
                    "text": "sales",
                    "box": [
                        157,
                        298,
                        180,
                        307
                    ],
                    "font_size": 27.404,
                    "letter_spacing": 4.598,
                    "font_id": 668,
                    "color": [
                        199,
                        182,
                        131
                    ]
                },
                {
                    "text": " ",
                    "box": [
                        180,
                        298,
                        183,
                        307
                    ],
                    "font_size": 27.404,
                    "letter_spacing": 4.598,
                    "font_id": 668,
                    "color": [
                        199,
                        182,
                        131
                    ]
                },
                {
                    "text": "of",
                    "box": [
                        183,
                        298,
                        193,
                        307
                    ],
                    "font_size": 27.404,
                    "letter_spacing": 4.598,
                    "font_id": 668,
                    "color": [
                        199,
                        182,
                        131
                    ]
                },
                {
                    "text": " ",
                    "box": [
                        193,
                        298,
                        196,
                        307
                    ],
                    "font_size": 27.404,
                    "letter_spacing": 4.598,
                    "font_id": 668,
                    "color": [
                        199,
                        182,
                        131
                    ]
                },
                {
                    "text": "5",
                    "box": [
                        196,
                        298,
                        202,
                        307
                    ],
                    "font_size": 27.404,
                    "letter_spacing": 4.598,
                    "font_id": 668,
                    "color": [
                        199,
                        182,
                        131
                    ]
                },
                {
                    "text": " ",
                    "box": [
                        202,
                        298,
                        205,
                        307
                    ],
                    "font_size": 27.404,
                    "letter_spacing": 4.598,
                    "font_id": 668,
                    "color": [
                        199,
                        182,
                        131
                    ]
                },
                {
                    "text": "billion",
                    "box": [
                        205,
                        298,
                        236,
                        307
                    ],
                    "font_size": 27.404,
                    "letter_spacing": 4.598,
                    "font_id": 668,
                    "color": [
                        199,
                        182,
                        131
                    ]
                },
                {
                    "text": " ",
                    "box": [
                        236,
                        298,
                        239,
                        307
                    ],
                    "font_size": 27.404,
                    "letter_spacing": 4.598,
                    "font_id": 668,
                    "color": [
                        199,
                        182,
                        131
                    ]
                },
                {
                    "text": "a",
                    "box": [
                        239,
                        298,
                        244,
                        307
                    ],
                    "font_size": 27.404,
                    "letter_spacing": 4.598,
                    "font_id": 668,
                    "color": [
                        199,
                        182,
                        131
                    ]
                },
                {
                    "text": " ",
                    "box": [
                        244,
                        298,
                        248,
                        307
                    ],
                    "font_size": 27.404,
                    "letter_spacing": 4.598,
                    "font_id": 668,
                    "color": [
                        199,
                        182,
                        131
                    ]
                },
                {
                    "text": "year.",
                    "box": [
                        248,
                        298,
                        271,
                        307
                    ],
                    "font_size": 27.404,
                    "letter_spacing": 4.598,
                    "font_id": 668,
                    "color": [
                        199,
                        182,
                        131
                    ]
                }
            ]
        },
        {
            "text": "LIAM",
            "box": [
                109,
                211,
                290,
                277
            ],
            "font_id": 668,
            "font_size": 206.09927443797986,
            "style": {
                "bold": false,
                "italic": false,
                "strikeout": false,
                "underline": false
            },
            "linespace": 1.4100000000000001,
            "opacity": 255.0,
            "rotate": 0.0,
            "id": 1,
            "words": [
                {
                    "text": "LIAM",
                    "box": [
                        109,
                        211,
                        290,
                        277
                    ],
                    "font_size": 206.1,
                    "letter_spacing": 0.0,
                    "font_id": 668,