{
    "form": [
        {
            "text": "HAPPY NEW YEAR",
            "box": [
                276,
                264,
                530,
                285
            ],
            "font_id": 1019,
            "font_size": 27.60746166314089,
            "style": {
                "bold": false,
                "italic": false,
                "strikeout": false,
                "underline": false
            },
            "linespace": 1.7889999999999997,
            "opacity": 255.0,
            "rotate": 0.0,
            "id": 0,
            "words": [
                {
                    "text": "HAPPY",
                    "box": [
                        276,
                        264,
                        370,
                        285
                    ],
                    "font_size": 27.607,
                    "letter_spacing": 35.175,
                    "font_id": 1019,
                    "color": [
                        164,
                        167,
                        154
                    ]
                },
                {
                    "text": " ",
                    "box": [
                        370,
                        264,
                        382,
                        285
                    ],
                    "font_size": 27.607,
                    "letter_spacing": 35.175,
                    "font_id": 1019,
                    "color": [
                        164,
                        167,
                        154
                    ]
                },
                {
                    "text": "NEW",
                    "box": [
                        382,
                        264,
                        444,
                        285
                    ],
                    "font_size": 27.607,
                    "letter_spacing": 35.175,
                    "font_id": 1019,
                    "color": [
                        164,
                        167,
                        154
                    ]
                },
                {
                    "text": " ",
                    "box": [
                        444,
                        264,
                        456,
                        285
                    ],
                    "font_size": 27.607,
                    "letter_spacing": 35.175,
                    "font_id": 1019,
                    "color": [
                        164,
                        167,
                        154
                    ]
                },
                {
                    "text": "YEAR",
                    "box": [
                        456,
                        264,
                        530,
                        285
                    ],
                    "font_size": 27.607,
                    "letter_spacing": 35.175,
                    "font_id": 1019,
                    "color": [
                        164,
                        167,
                        154
                    ]
                }
            ]
        },
        {
            "text": "thank\nyou",
            "box": [
                268,
                286,
                531,
                449
            ],
            "font_id": 740,
            "font_size": 176.47655336250298,
            "style": {
                "bold": false,
                "italic": true,
                "strikeout": false,
                "underline": false
            },
            "linespace": 0.5000000000000001,
            "opacity": 255.0,
            "rotate": 0.0,
            "id": 1,
            "words": [
                {
                    "text": "thank",
                    "box": [
                        268,
                        286,
                        531,
                        390
                    ],
                    "font_size": 176.477,
                    "letter_spacing": 0.0,
                    "font_id": 740,
                    "color": [
                        164,
                        167,
                        154
                    ]
                },
                {
                    "text": "you",
                    "box": [
                        314,
                        345,
                        485,
                        449
                    ],
                    "font_size": 176.477,
                    "letter_spacing": 0.0,
                    "font_id": 740,
                    "color": [
                        164,
                        167,
                        154
                    ]
                }
            ]
        },
        {
            "text": "Lorem ipsum dolor sit amet, it, ded do siusmod\ntempor incididunt ut lavore et dolore",
            "box": [
                252,
                503,
                547,
                536
            ],
            "font_id": 1017,
            "font_size": 20.204446573381695,
            "style": {
                "bold": false,
                "italic": false,
                "strikeout": false,
                "underline": false
            },
            "linespace": 1.31214,
            "opacity": 255.0,
            "rotate": 0.0,
            "id": 2,
            "words": [
                {
                    "text": "Lorem",
                    "box": [
                        252,
                        503,
                        292,
                        518
                    ],
                    "font_size": 20.204,
                    "letter_spacing": 0.0,
                    "font_id": 1017,
                    "color": [
                        164,
                        167,
                        154
                    ]
                },
                {
                    "text": " ",
                    "box": [
                        292,
                        503,
                        296,
                        518
                    ],
                    "font_size": 20.204,
                    "letter_spacing": 0.0,
                    "font_id": 1017,
                    "color": [
                        164,
                        167,
                        154
                    ]
                },
                {
                    "text": "ipsum",
                    "box": [
                        296,
                        503,
                        334,
                        518
                    ],
                    "font_size": 20.204,
                    "letter_spacing": 0.0,
                    "font_id": 1017,
                    "color": [
                        164,
                        167,
                        154
                    ]
                },
                {
                    "text": " ",
                    "box": [
                        334,
                        503,
                        337,
                        518
                    ],
                    "font_size": 20.204,
                    "letter_spacing": 0.0,
                    "font_id": 1017,
                    "color": [
                        164,
                        167,
                        154
                    ]
                },
                {
                    "text": "dolor",
                    "box": [
                        337,
                        503,
                        368,
                        518
                    ],
                    "font_size": 20.204,
                    "letter_spacing": 0.0,
                    "font_id": 1017,
                    "color": [
                        164,
                        167,
                        154
                    ]
                },
                {
                    "text": " ",