{
    "form": [
        {
            "text": "Please",
            "box": [
                269,
                178,
                529,
                243
            ],
            "font_id": 1055,
            "font_size": 116.70248045496947,
            "style": {
                "bold": false,
                "italic": false,
                "strikeout": false,
                "underline": false
            },
            "linespace": 1.0000000000000002,
            "opacity": 255.0,
            "rotate": 0.0,
            "id": 0,
            "words": [
                {
                    "text": "Please",
                    "box": [
                        269,
                        178,
                        529,
                        243
                    ],
                    "font_size": 116.702,
                    "letter_spacing": 0.0,
                    "font_id": 1055,
                    "color": [
                        242,
                        123,
                        147
                    ]
                }
            ]
        },
        {
            "text": "the title",
            "box": [
                352,
                263,
                670,
                328
            ],
            "font_id": 1055,
            "font_size": 116.70248045496947,
            "style": {
                "bold": false,
                "italic": false,
                "strikeout": false,
                "underline": false
            },
            "linespace": 1.0000000000000002,
            "opacity": 255.0,
            "rotate": 0.0,
            "id": 1,
            "words": [
                {
                    "text": "the",
                    "box": [
                        352,
                        263,
                        485,
                        328
                    ],
                    "font_size": 116.702,
                    "letter_spacing": 0.0,
                    "font_id": 1055,
                    "color": [
                        242,
                        123,
                        147
                    ]
                },
                {
                    "text": " ",
                    "box": [
                        485,
                        263,
                        506,
                        328
                    ],
                    "font_size": 116.702,
                    "letter_spacing": 0.0,
                    "font_id": 1055,
                    "color": [
                        242,
                        123,
                        147
                    ]
                },
                {
                    "text": "title",
                    "box": [
                        506,
                        263,
                        670,
                        328
                    ],
                    "font_size": 116.702,
                    "letter_spacing": 0.0,
                    "font_id": 1055,
                    "color": [
                        242,
                        123,
                        147
                    ]
                }
            ]
        },
        {
            "text": "enter",
            "box": [
                125,
                263,
                340,
                328
            ],
            "font_id": 1055,
            "font_size": 116.70248045496947,
            "style": {
                "bold": false,
                "italic": false,
                "strikeout": false,
                "underline": false
            },
            "linespace": 1.0000000000000002,
            "opacity": 255.0,
            "rotate": 0.0,
            "id": 2,
            "words": [
                {
                    "text": "enter",
                    "box": [
                        125,
                        263,
                        340,
                        328
                    ],
                    "font_size": 116.702,
                    "letter_spacing": 0.0,
                    "font_id": 1055,
                    "color": [
                        238,
                        49,
                        92
                    ]
                }
            ]
        },
        {
            "text": "Contact me :\u00a0+123-456-7890",
            "box": [
                190,
                439,
                609,
                464
            ],
            "font_id": 1055,
            "font_size": 44.191871642047296,
            "style": {
                "bold": false,
                "italic": false,
                "strikeout": false,
                "underline": false
            },
            "linespace": 1.0,
            "opacity": 255.0,
            "rotate": 0.0,
            "id": 3,
            "words": [
                {
                    "text": "Contact",
                    "box": [
                        190,
                        439,
                        306,
                        464
                    ],
                    "font_size": 44.192,
                    "letter_spacing": 0.0,
                    "font_id": 1055,
                    "color": [
                        238,
                        49,
                        92
                    ]
                },
                {
                    "text": " ",
                    "box": [
                        306,
                        439,
                        314,
                        464
                    ],
                    "font_size": 44.192,
                    "letter_spacing": 0.0,
                    "font_id": 1055,
                    "color": [
                        238,
                        49,
                        92
                    ]
                },
                {
                    "text": "me",
                    "box": [
                        314,
                        439,
                        361,
                        464
                    ],
                    "font_size": 44.192,
                    "letter_spacing": 0.0,
                    "font_id": 1055,
                    "color": [
                        238,
                        49,
                        92
                    ]
                },
                {
                    "text": " ",
                    "box": [
                        361,
                        439,
                        368,
                        464
                    ],
                    "font_size": 44.192,
                    "letter_spacing": 0.0,
                    "font_id": 1055,
                    "color": [
                        238,
                        49,
                        92
                    ]
                },
                {
                    "text": ":",
                    "box": [
                        368,
                        439,
                        377,
                        464
                    ],
                    "font_size": 44.192,
                    "letter_spacing": 0.0,
                    "font_id": 1055,
                    "color": [
                        238,
                        49,
                        92
                    ]
                },
                {
                    "text": "\u00a0",
                    "box": [
                        377,
                        439,
                        385,
                        464
                    ],
                    "font_size": 44.192,
                    "letter_spacing": 0.0,
                    "font_id": 1055,
                    "color": [
                        242,
                        123,
                        147
                    ]
                },
                {
                    "text": "+123-456-7890",