{
    "form": [
        {
            "text": "\ud648\uce74\ud398",
            "box": [
                577,
                342,
                721,
                385
            ],
            "font_id": 1118,
            "font_size": 107.77958077119732,
            "style": {
                "bold": false,
                "italic": false,
                "strikeout": false,
                "underline": false
            },
            "linespace": 0.9349999999999998,
            "opacity": 255.0,
            "rotate": 10.0,
            "id": 0,
            "words": [
                {
                    "text": "\ud648\uce74\ud398",
                    "box": [
                        577,
                        342,
                        721,
                        385
                    ],
                    "font_size": 107.78,
                    "letter_spacing": -3.021,
                    "font_id": 1118,
                    "color": [
                        255,
                        255,
                        255
                    ]
                }
            ]
        },
        {
            "text": "\ube0c\uc774\ub85c\uadf8",
            "box": [
                336,
                301,
                540,
                388
            ],
            "font_id": 1118,
            "font_size": 115.63383372802025,
            "style": {
                "bold": false,
                "italic": false,
                "strikeout": false,
                "underline": false
            },
            "linespace": 0.935,
            "opacity": 255.0,
            "rotate": -4.0,
            "id": 1,
            "words": [
                {
                    "text": "\ube0c\uc774\ub85c\uadf8",
                    "box": [
                        336,
                        301,
                        540,
                        388
                    ],
                    "font_size": 115.634,
                    "letter_spacing": -3.021,
                    "font_id": 1118,
                    "color": [
                        255,
                        255,
                        255
                    ]
                }
            ]
        },
        {
            "text": "#\ud648\ube0c\ub8e8\uc789 #\ud648\ubc14\ub9ac\uc2a4\ud0c0",
            "box": [
                52,
                371,
                301,
                399
            ],
            "font_id": 1018,
            "font_size": 39.7597,
            "style": {
                "bold": false,
                "italic": false,
                "strikeout": false,
                "underline": false
            },
            "linespace": 1.329,
            "opacity": 255.0,
            "rotate": 0.0,
            "id": 2,
            "words": [
                {
                    "text": "#\ud648\ube0c\ub8e8\uc789",
                    "box": [
                        52,
                        371,
                        162,
                        399
                    ],
                    "font_size": 39.76,
                    "letter_spacing": -3.021,
                    "font_id": 1018,
                    "color": [
                        78,
                        51,
                        51
                    ]
                },
                {
                    "text": " ",
                    "box": [
                        162,
                        371,
                        169,
                        399
                    ],
                    "font_size": 39.76,
                    "letter_spacing": -3.021,
                    "font_id": 1018,
                    "color": [
                        78,
                        51,
                        51
                    ]
                },
                {
                    "text": "#\ud648\ubc14\ub9ac\uc2a4\ud0c0",
                    "box": [
                        169,
                        371,
                        301,
                        399
                    ],
                    "font_size": 39.76,
                    "letter_spacing": -3.021,
                    "font_id": 1018,
                    "color": [
                        78,
                        51,
                        51
                    ]
                }
            ]
        },
        {
            "text": "\ucee4\ud53cTV",
            "box": [
                652,
                274,
                742,
                296
            ],
            "font_id": 1118,
            "font_size": 60.70273859682848,
            "style": {
                "bold": false,
                "italic": false,
                "strikeout": false,
                "underline": false
            },
            "linespace": 0.9349999999999998,
            "opacity": 255.0,
            "rotate": 11.0,
            "id": 3,
            "words": [
                {
                    "text": "\ucee4\ud53cTV",
                    "box": [
                        652,
                        274,
                        742,
                        296
                    ],
                    "font_size": 60.703,
                    "letter_spacing": -3.021,
                    "font_id": 1118,
                    "color": [
                        211,
                        178,
                        146
                    ]
                }
            ]
        }
    ]
}