{
    "form": [
        {
            "text": "BEST BRAND AWARDS",
            "box": [
                144,
                364,
                255,
                373
            ],
            "font_id": 668,
            "font_size": 27.36897941352164,
            "style": {
                "bold": false,
                "italic": false,
                "strikeout": false,
                "underline": false
            },
            "linespace": 1.4100000000000001,
            "opacity": 255.0,
            "rotate": 0.0,
            "id": 0,
            "words": [
                {
                    "text": "BEST",
                    "box": [
                        144,
                        364,
                        170,
                        373
                    ],
                    "font_size": 27.369,
                    "letter_spacing": 5.115,
                    "font_id": 668,
                    "color": [
                        199,
                        182,
                        131
                    ]
                },
                {
                    "text": " ",
                    "box": [
                        170,
                        364,
                        173,
                        373
                    ],
                    "font_size": 27.369,
                    "letter_spacing": 5.115,
                    "font_id": 668,
                    "color": [
                        199,
                        182,
                        131
                    ]
                },
                {
                    "text": "BRAND",
                    "box": [
                        173,
                        364,
                        209,
                        373
                    ],
                    "font_size": 27.369,
                    "letter_spacing": 5.115,
                    "font_id": 668,
                    "color": [
                        199,
                        182,
                        131
                    ]
                },
                {
                    "text": " ",
                    "box": [
                        209,
                        364,
                        212,
                        373
                    ],
                    "font_size": 27.369,
                    "letter_spacing": 5.115,
                    "font_id": 668,
                    "color": [
                        199,
                        182,
                        131
                    ]
                },
                {
                    "text": "AWARDS",
                    "box": [
                        212,
                        364,
                        255,
                        373
                    ],
                    "font_size": 27.369,
                    "letter_spacing": 5.115,
                    "font_id": 668,
                    "color": [
                        199,
                        182,
                        131
                    ]
                }
            ]
        },
        {
            "text": "BEST BRAND",
            "box": [
                151,
                105,
                248,
                122
            ],
            "font_id": 1077,
            "font_size": 39.80404542074357,
            "style": {
                "bold": false,
                "italic": false,
                "strikeout": false,
                "underline": false
            },
            "linespace": 1.88,
            "opacity": 255.0,
            "rotate": 0.0,
            "id": 1,
            "words": [
                {
                    "text": "BEST",
                    "box": [
                        151,
                        105,
                        189,
                        122
                    ],
                    "font_size": 39.804,
                    "letter_spacing": 0.0,
                    "font_id": 1077,
                    "color": [
                        225,
                        210,
                        176
                    ]
                },
                {
                    "text": " ",
                    "box": [
                        189,
                        105,
                        193,
                        122
                    ],
                    "font_size": 39.804,
                    "letter_spacing": 0.0,
                    "font_id": 1077,
                    "color": [
                        225,
                        210,
                        176
                    ]
                },
                {
                    "text": "BRAND",
                    "box": [
                        193,
                        105,
                        248,
                        122
                    ],
                    "font_size": 39.804,
                    "letter_spacing": 0.0,
                    "font_id": 1077,
                    "color": [
                        225,
                        210,
                        176
                    ]
                }
            ]
        },
        {
            "text": "AWARDS",
            "box": [
                105,
                116,
                285,
                161
            ],
            "font_id": 1073,
            "font_size": 103.43284480073807,
            "style": {
                "bold": false,
                "italic": false,
                "strikeout": false,
                "underline": false
            },
            "linespace": 1.88,
            "opacity": 255.0,
            "rotate": 0.0,
            "id": 2,
            "words": [
                {
                    "text": "AWARDS",
                    "box": [
                        105,
                        116,
                        285,
                        161
                    ],
                    "font_size": 103.433,
                    "letter_spacing": 0.0,
                    "font_id": 1073,
                    "color": [
                        225,
                        210,
                        176
                    ]
                }
            ]
        },
        {
            "text": "IMAGE AWARDS 5TH",
            "box": [
                145,
                34,
                254,
                44
            ],
            "font_id": 668,
            "font_size": 31.06589,
            "style": {
                "bold": false,
                "italic": false,
                "strikeout": false,
                "underline": false
            },
            "linespace": 1.41,
            "opacity": 255.0,
            "rotate": 0.0,
            "id": 4,
            "words": [
                {
                    "text": "IMAGE",
                    "box": [
                        145,
                        34,
                        180,
                        44
                    ],
                    "font_size": 31.066,
                    "letter_spacing": 0.0,
                    "font_id": 668,
                    "color": [
                        199,
                        182,
                        131
                    ]
                },
                {
                    "text": " ",
                    "box": [
                        180,
                        34,
                        184,
                        44
                    ],
                    "font_size": 31.066,
                    "letter_spacing": 0.0,
                    "font_id": 668,
                    "color": [
                        199,
                        182,
                        131
                    ]
                },
                {
                    "text": "AWARDS",
                    "box": [
                        184,
                        34,
                        229,
                        44
                    ],