{
    "form": [
        {
            "text": "\uce74\uce74\uc624\ud1a1 \uc0c1\ub2f4\ubb38\uc758",
            "box": [
                175,
                458,
                291,
                472
            ],
            "font_id": 750,
            "font_size": 39.998999999999995,
            "style": {
                "bold": true,
                "italic": false,
                "strikeout": false,
                "underline": false
            },
            "linespace": 1.4,
            "opacity": 255.0,
            "rotate": 0.0,
            "id": 0,
            "words": [
                {
                    "text": "\uce74\uce74\uc624\ud1a1",
                    "box": [
                        175,
                        458,
                        231,
                        472
                    ],
                    "font_size": 39.999,
                    "letter_spacing": 0.0,
                    "font_id": 750,
                    "color": [
                        29,
                        18,
                        13
                    ]
                },
                {
                    "text": " ",
                    "box": [
                        231,
                        458,
                        235,
                        472
                    ],
                    "font_size": 39.999,
                    "letter_spacing": 0.0,
                    "font_id": 750,
                    "color": [
                        29,
                        18,
                        13
                    ]
                },
                {
                    "text": "\uc0c1\ub2f4\ubb38\uc758",
                    "box": [
                        235,
                        458,
                        291,
                        472
                    ],
                    "font_size": 39.999,
                    "letter_spacing": 0.0,
                    "font_id": 750,
                    "color": [
                        29,
                        18,
                        13
                    ]
                }
            ]
        },
        {
            "text": "\uc720\ud29c\ube0c \ubc14\ub85c\uac00\uae30",
            "box": [
                175,
                525,
                277,
                539
            ],
            "font_id": 750,
            "font_size": 39.998999999999995,
            "style": {
                "bold": true,
                "italic": false,
                "strikeout": false,
                "underline": false
            },
            "linespace": 1.4,
            "opacity": 255.0,
            "rotate": 0.0,
            "id": 1,
            "words": [
                {
                    "text": "\uc720\ud29c\ube0c",
                    "box": [
                        175,
                        525,
                        217,
                        539
                    ],
                    "font_size": 39.999,
                    "letter_spacing": 0.0,
                    "font_id": 750,
                    "color": [
                        29,
                        18,
                        13
                    ]
                },
                {
                    "text": " ",
                    "box": [
                        217,
                        525,
                        221,
                        539
                    ],
                    "font_size": 39.999,
                    "letter_spacing": 0.0,
                    "font_id": 750,
                    "color": [
                        29,
                        18,
                        13
                    ]
                },
                {
                    "text": "\ubc14\ub85c\uac00\uae30",
                    "box": [
                        221,
                        525,
                        277,
                        539
                    ],
                    "font_size": 39.999,
                    "letter_spacing": 0.0,
                    "font_id": 750,
                    "color": [
                        29,
                        18,
                        13
                    ]
                }
            ]
        },
        {
            "text": "\uc6b0\ub9ac\uc9d1 \uacac\uc801\ud655\uc778\ud558\uae30",
            "box": [
                175,
                321,
                305,
                335
            ],
            "font_id": 750,
            "font_size": 39.998999999999995,
            "style": {
                "bold": true,
                "italic": false,
                "strikeout": false,
                "underline": false
            },
            "linespace": 1.4,
            "opacity": 255.0,
            "rotate": 0.0,
            "id": 2,
            "words": [
                {
                    "text": "\uc6b0\ub9ac\uc9d1",
                    "box": [
                        175,
                        321,
                        217,
                        335
                    ],
                    "font_size": 39.999,
                    "letter_spacing": 0.0,
                    "font_id": 750,
                    "color": [
                        29,
                        18,
                        13
                    ]
                },
                {
                    "text": " ",
                    "box": [
                        217,
                        321,
                        221,
                        335
                    ],
                    "font_size": 39.999,
                    "letter_spacing": 0.0,
                    "font_id": 750,
                    "color": [
                        29,
                        18,
                        13
                    ]
                },
                {
                    "text": "\uacac\uc801\ud655\uc778\ud558\uae30",
                    "box": [
                        221,
                        321,
                        305,
                        335
                    ],
                    "font_size": 39.999,
                    "letter_spacing": 0.0,
                    "font_id": 750,
                    "color": [
                        29,
                        18,
                        13
                    ]
                }
            ]
        },
        {
            "text": "\uc2dc\uacf5\uc0ac\ub840",
            "box": [
                175,
                595,
                231,
                608
            ],
            "font_id": 750,
            "font_size": 39.998999999999995,
            "style": {
                "bold": true,
                "italic": false,
                "strikeout": false,
                "underline": false
            },
            "linespace": 1.4,
            "opacity": 255.0,
            "rotate": 0.0,
            "id": 3,
            "words": [
                {
                    "text": "\uc2dc\uacf5\uc0ac\ub840",
                    "box": [
                        175,
                        595,
                        231,
                        608
                    ],
                    "font_size": 39.999,
                    "letter_spacing": 0.0,
                    "font_id": 750,
                    "color": [
                        29,
                        18,
                        13
                    ]
                }
            ]
        },
        {
            "text": "\uacf5\uac04\uc758 \uac10\uc131\uae4c\uc9c0 \ub514\uc790\uc778\ud558\ub294 \ubbf8\ub9ac \uc778\ud14c\ub9ac\uc5b4\uc5d0\uc11c\n\ub2e4\uc591\ud55c \uc778\ud14c\ub9ac\uc5b4 \uc815\ubcf4\ub97c \uc5bb\uc5b4\uac00\uc138\uc694!",
            "box": [
                86,
                197,
                363,
                230
            ],
            "font_id": 750,
            "font_size": 37.3324,
            "style": {
                "bold": true,