{
    "form": [
        {
            "text": "\ud604\ucda9\uc77c\n\ud734\ubb34",
            "box": [
                209,
                214,
                588,
                489
            ],
            "font_id": 4313,
            "font_size": 199.82727729098931,
            "style": {
                "bold": false,
                "italic": false,
                "strikeout": false,
                "underline": false
            },
            "linespace": 1.06,
            "opacity": 255.0,
            "rotate": 0.0,
            "id": 0,
            "words": [
                {
                    "text": "\ud604\ucda9\uc77c",
                    "box": [
                        209,
                        214,
                        588,
                        332
                    ],
                    "font_size": 199.827,
                    "letter_spacing": -1.0,
                    "font_id": 4313,
                    "color": [
                        0,
                        0,
                        0
                    ]
                },
                {
                    "text": "\ud734\ubb34",
                    "box": [
                        268,
                        371,
                        530,
                        489
                    ],
                    "font_size": 199.827,
                    "letter_spacing": -1.0,
                    "font_id": 4313,
                    "color": [
                        0,
                        0,
                        0
                    ]
                }
            ]
        },
        {
            "text": "6\uc6d4 6\uc77c \ud604\ucda9\uc77c\uc740\n\uacf5\ud734\uc77c\uc774\ubbc0\ub85c \uc26c\uc5b4 \uac11\ub2c8\ub2e4.\n\uc6b0\ub9ac\ub098\ub77c\ub97c \uc9c0\ucf1c\uc8fc\uc2e0 \uc560\uad6d\uc9c0\uc0ac\ubd84\ub4e4\uc758\n\uc22d\uace0\ud55c \ud76c\uc0dd\uc744 \ubb35\ub150\ud569\ub2c8\ub2e4.",
            "box": [
                235,
                544,
                564,
                657
            ],
            "font_id": 1135,
            "font_size": 28.665964285714292,
            "style": {
                "bold": false,
                "italic": false,
                "strikeout": false,
                "underline": false
            },
            "linespace": 1.49,
            "opacity": 255.0,
            "rotate": 0.0,
            "id": 1,
            "words": [
                {
                    "text": "6\uc6d4",
                    "box": [
                        322,
                        544,
                        354,
                        563
                    ],
                    "font_size": 28.666,
                    "letter_spacing": 0.0,
                    "font_id": 1135,
                    "color": [
                        0,
                        0,
                        0
                    ]
                },
                {
                    "text": " ",
                    "box": [
                        354,
                        544,
                        360,
                        563
                    ],
                    "font_size": 28.666,
                    "letter_spacing": 0.0,
                    "font_id": 1135,
                    "color": [
                        0,
                        0,
                        0
                    ]
                },
                {
                    "text": "6\uc77c",
                    "box": [
                        360,
                        544,
                        392,
                        563
                    ],
                    "font_size": 28.666,
                    "letter_spacing": 0.0,
                    "font_id": 1135,
                    "color": [
                        0,
                        0,
                        0
                    ]
                },
                {
                    "text": " ",
                    "box": [
                        392,
                        544,
                        397,
                        563
                    ],
                    "font_size": 28.666,
                    "letter_spacing": 0.0,
                    "font_id": 1135,
                    "color": [
                        0,
                        0,
                        0
                    ]
                },
                {
                    "text": "\ud604\ucda9\uc77c\uc740",
                    "box": [
                        397,
                        544,
                        477,
                        563
                    ],
                    "font_size": 28.666,
                    "letter_spacing": 0.0,
                    "font_id": 1135,
                    "color": [
                        0,
                        0,
                        0
                    ]
                },
                {
                    "text": "\uacf5\ud734\uc77c\uc774\ubbc0\ub85c",
                    "box": [
                        282,
                        576,
                        401,
                        594
                    ],
                    "font_size": 28.666,
                    "letter_spacing": 0.0,
                    "font_id": 1135,
                    "color": [
                        0,
                        0,
                        0
                    ]
                },
                {
                    "text": " ",
                    "box": [
                        401,
                        576,
                        407,
                        594
                    ],
                    "font_size": 28.666,
                    "letter_spacing": 0.0,
                    "font_id": 1135,
                    "color": [
                        0,
                        0,
                        0
                    ]
                },
                {
                    "text": "\uc26c\uc5b4",
                    "box": [
                        407,
                        576,
                        447,
                        594
                    ],
                    "font_size": 28.666,
                    "letter_spacing": 0.0,
                    "font_id": 1135,
                    "color": [
                        0,
                        0,
                        0
                    ]
                },
                {
                    "text": " ",
                    "box": [
                        447,
                        576,
                        452,
                        594
                    ],
                    "font_size": 28.666,
                    "letter_spacing": 0.0,
                    "font_id": 1135,
                    "color": [
                        0,
                        0,
                        0
                    ]
                },
                {
                    "text": "\uac11\ub2c8\ub2e4.",
                    "box": [
                        452,
                        576,
                        517,
                        594
                    ],
                    "font_size": 28.666,
                    "letter_spacing": 0.0,
                    "font_id": 1135,
                    "color": [
                        0,
                        0,
                        0
                    ]
                },
                {
                    "text": "\uc6b0\ub9ac\ub098\ub77c\ub97c",
                    "box": [
                        235,
                        608,
                        335,
                        626
                    ],
                    "font_size": 28.666,
                    "letter_spacing": 0.0,
                    "font_id": 1135,