{
    "form": [
        {
            "text": "LIKE A CAFE",
            "box": [
                143,
                330,
                656,
                389
            ],
            "font_id": 1063,
            "font_size": 98.11302445422912,
            "style": {
                "bold": false,
                "italic": false,
                "strikeout": false,
                "underline": false
            },
            "linespace": 1.0300000000000002,
            "opacity": 255.0,
            "rotate": 0.0,
            "id": 0,
            "words": [
                {
                    "text": "LIKE",
                    "box": [
                        143,
                        330,
                        327,
                        389
                    ],
                    "font_size": 98.113,
                    "letter_spacing": -1.0,
                    "font_id": 1063,
                    "color": [
                        228,
                        223,
                        210
                    ]
                },
                {
                    "text": " ",
                    "box": [
                        327,
                        330,
                        346,
                        389
                    ],
                    "font_size": 98.113,
                    "letter_spacing": -1.0,
                    "font_id": 1063,
                    "color": [
                        228,
                        223,
                        210
                    ]
                },
                {
                    "text": "A",
                    "box": [
                        346,
                        330,
                        407,
                        389
                    ],
                    "font_size": 98.113,
                    "letter_spacing": -1.0,
                    "font_id": 1063,
                    "color": [
                        228,
                        223,
                        210
                    ]
                },
                {
                    "text": " ",
                    "box": [
                        407,
                        330,
                        426,
                        389
                    ],
                    "font_size": 98.113,
                    "letter_spacing": -1.0,
                    "font_id": 1063,
                    "color": [
                        228,
                        223,
                        210
                    ]
                },
                {
                    "text": "CAFE",
                    "box": [
                        426,
                        330,
                        656,
                        389
                    ],
                    "font_size": 98.113,
                    "letter_spacing": -1.0,
                    "font_id": 1063,
                    "color": [
                        228,
                        223,
                        210
                    ]
                }
            ]
        },
        {
            "text": "MORE",
            "box": [
                278,
                242,
                523,
                299
            ],
            "font_id": 1063,
            "font_size": 96.48232980567008,
            "style": {
                "bold": false,
                "italic": false,
                "strikeout": false,
                "underline": false
            },
            "linespace": 1.0300000000000002,
            "opacity": 255.0,
            "rotate": 0.0,
            "id": 1,
            "words": [
                {
                    "text": "MORE",
                    "box": [
                        278,
                        242,
                        523,
                        299
                    ],
                    "font_size": 96.482,
                    "letter_spacing": -1.0,
                    "font_id": 1063,
                    "color": [
                        146,
                        127,
                        99
                    ]
                }
            ]
        },
        {
            "text": "Make your home life more enjoyable!",
            "box": [
                214,
                635,
                585,
                658
            ],
            "font_id": 1018,
            "font_size": 28.762500632699965,
            "style": {
                "bold": false,
                "italic": false,
                "strikeout": false,
                "underline": false
            },
            "linespace": 1.329,
            "opacity": 255.0,
            "rotate": 0.0,
            "id": 2,
            "words": [
                {
                    "text": "Make",
                    "box": [
                        214,
                        635,
                        269,
                        658
                    ],
                    "font_size": 28.763,
                    "letter_spacing": 0.0,
                    "font_id": 1018,
                    "color": [
                        255,
                        255,
                        255
                    ]
                },
                {
                    "text": " ",
                    "box": [
                        269,
                        635,
                        275,
                        658
                    ],
                    "font_size": 28.763,
                    "letter_spacing": 0.0,
                    "font_id": 1018,
                    "color": [
                        255,
                        255,
                        255
                    ]
                },
                {
                    "text": "your",
                    "box": [
                        275,
                        635,
                        320,
                        658
                    ],
                    "font_size": 28.763,
                    "letter_spacing": 0.0,
                    "font_id": 1018,
                    "color": [
                        255,
                        255,
                        255
                    ]
                },
                {
                    "text": " ",
                    "box": [
                        320,
                        635,
                        326,
                        658
                    ],
                    "font_size": 28.763,
                    "letter_spacing": 0.0,
                    "font_id": 1018,
                    "color": [
                        255,
                        255,
                        255
                    ]
                },
                {
                    "text": "home",
                    "box": [
                        326,
                        635,
                        382,
                        658
                    ],
                    "font_size": 28.763,
                    "letter_spacing": 0.0,
                    "font_id": 1018,
                    "color": [
                        255,
                        255,
                        255
                    ]
                },
                {
                    "text": " ",
                    "box": [
                        382,
                        635,
                        389,
                        658
                    ],
                    "font_size": 28.763,
                    "letter_spacing": 0.0,
                    "font_id": 1018,
                    "color": [
                        255,
                        255,
                        255
                    ]
                },
                {
                    "text": "life",
                    "box": [
                        389,
                        635,
                        418,
                        658
                    ],
                    "font_size": 28.763,