{
    "form": [
        {
            "text": "\ucc44\uc6a9\uc5f0\uacc4\ud615\n\n\uc778\ud134\uc2ed",
            "box": [
                83,
                274,
                564,
                502
            ],
            "font_id": 1114,
            "font_size": 146.66299999999998,
            "style": {
                "bold": true,
                "italic": false,
                "strikeout": false,
                "underline": false
            },
            "linespace": 1.2,
            "opacity": 255.0,
            "rotate": 0.0,
            "id": 0,
            "words": [
                {
                    "text": "\ucc44\uc6a9\uc5f0\uacc4\ud615",
                    "box": [
                        83,
                        274,
                        564,
                        371
                    ],
                    "font_size": 146.663,
                    "letter_spacing": -1.0,
                    "font_id": 1114,
                    "color": [
                        28,
                        28,
                        28
                    ]
                },
                {
                    "text": "\uc778\ud134\uc2ed",
                    "box": [
                        83,
                        404,
                        361,
                        502
                    ],
                    "font_size": 146.663,
                    "letter_spacing": -1.0,
                    "font_id": 1114,
                    "color": [
                        60,
                        101,
                        251
                    ]
                }
            ]
        },
        {
            "text": "J \ucee4\ube0c \uc131\uc7a5 \uace1\uc120\uc744 \ub2ec\ub9ac\ub294\u00a0\n\ubbf8\ub9ac\ucee4\uba38\uc2a4\uc758 \uc5ec\uc815\uc5d0\u00a0 \u00a0 \u00a0 \u00a0 \u00a0 \u00a0\uc62c\ub77c\ud0c0\uc138\uc694.",
            "box": [
                83,
                560,
                481,
                621
            ],
            "font_id": 1065,
            "font_size": 31.999199999999995,
            "style": {
                "bold": false,
                "italic": false,
                "strikeout": false,
                "underline": false
            },
            "linespace": 1.8,
            "opacity": 255.0,
            "rotate": 0.0,
            "id": 1,
            "words": [
                {
                    "text": "J",
                    "box": [
                        83,
                        560,
                        99,
                        579
                    ],
                    "font_size": 31.999,
                    "letter_spacing": -1.0,
                    "font_id": 1065,
                    "color": [
                        28,
                        28,
                        28
                    ]
                },
                {
                    "text": " ",
                    "box": [
                        99,
                        560,
                        106,
                        579
                    ],
                    "font_size": 31.999,
                    "letter_spacing": -1.0,
                    "font_id": 1065,
                    "color": [
                        28,
                        28,
                        28
                    ]
                },
                {
                    "text": "\ucee4\ube0c",
                    "box": [
                        105,
                        560,
                        151,
                        579
                    ],
                    "font_size": 31.999,
                    "letter_spacing": -1.0,
                    "font_id": 1065,
                    "color": [
                        28,
                        28,
                        28
                    ]
                },
                {
                    "text": " ",
                    "box": [
                        151,
                        560,
                        157,
                        579
                    ],
                    "font_size": 31.999,
                    "letter_spacing": -1.0,
                    "font_id": 1065,
                    "color": [
                        28,
                        28,
                        28
                    ]
                },
                {
                    "text": "\uc131\uc7a5",
                    "box": [
                        157,
                        560,
                        202,
                        579
                    ],
                    "font_size": 31.999,
                    "letter_spacing": -1.0,
                    "font_id": 1065,
                    "color": [
                        28,
                        28,
                        28
                    ]
                },
                {
                    "text": " ",
                    "box": [
                        202,
                        560,
                        209,
                        579
                    ],
                    "font_size": 31.999,
                    "letter_spacing": -1.0,
                    "font_id": 1065,
                    "color": [
                        28,
                        28,
                        28
                    ]
                },
                {
                    "text": "\uace1\uc120\uc744",
                    "box": [
                        209,
                        560,
                        276,
                        579
                    ],
                    "font_size": 31.999,
                    "letter_spacing": -1.0,
                    "font_id": 1065,
                    "color": [
                        28,
                        28,
                        28
                    ]
                },
                {
                    "text": " ",
                    "box": [
                        276,
                        560,
                        283,
                        579
                    ],
                    "font_size": 31.999,
                    "letter_spacing": -1.0,
                    "font_id": 1065,
                    "color": [
                        28,
                        28,
                        28
                    ]
                },
                {
                    "text": "\ub2ec\ub9ac\ub294",
                    "box": [
                        283,
                        560,
                        350,
                        579
                    ],
                    "font_size": 31.999,
                    "letter_spacing": -1.0,
                    "font_id": 1065,
                    "color": [
                        28,
                        28,
                        28
                    ]
                },
                {
                    "text": "\u00a0",
                    "box": [
                        350,
                        560,
                        357,
                        579
                    ],
                    "font_size": 31.999,
                    "letter_spacing": -1.0,
                    "font_id": 1065,
                    "color": [
                        28,
                        28,
                        28
                    ]
                },
                {
                    "text": "\ubbf8\ub9ac\ucee4\uba38\uc2a4\uc758",
                    "box": [
                        83,
                        602,
                        218,
                        621
                    ],
                    "font_size": 31.999,
                    "letter_spacing": -1.0,
                    "font_id": 1065,
                    "color": [
                        28,
                        28,
                        28
                    ]
                },
                {
                    "text": " ",