{
    "form": [
        {
            "text": "~ ABOUT BRANDNAME ~",
            "box": [
                229,
                246,
                553,
                270
            ],
            "font_id": 5534,
            "font_size": 53.33207999999999,
            "style": {
                "bold": false,
                "italic": false,
                "strikeout": false,
                "underline": false
            },
            "linespace": 1.3499999999999999,
            "opacity": 255.0,
            "rotate": 0.0,
            "id": 0,
            "words": [
                {
                    "text": "~",
                    "box": [
                        229,
                        246,
                        248,
                        270
                    ],
                    "font_size": 53.332,
                    "letter_spacing": 14.375,
                    "font_id": 5534,
                    "color": [
                        163,
                        46,
                        33
                    ]
                },
                {
                    "text": " ",
                    "box": [
                        248,
                        246,
                        257,
                        270
                    ],
                    "font_size": 53.332,
                    "letter_spacing": 14.375,
                    "font_id": 5534,
                    "color": [
                        163,
                        46,
                        33
                    ]
                },
                {
                    "text": "ABOUT",
                    "box": [
                        257,
                        246,
                        349,
                        270
                    ],
                    "font_size": 53.332,
                    "letter_spacing": 14.375,
                    "font_id": 5534,
                    "color": [
                        163,
                        46,
                        33
                    ]
                },
                {
                    "text": " ",
                    "box": [
                        349,
                        246,
                        358,
                        270
                    ],
                    "font_size": 53.332,
                    "letter_spacing": 14.375,
                    "font_id": 5534,
                    "color": [
                        163,
                        46,
                        33
                    ]
                },
                {
                    "text": "BRANDNAME",
                    "box": [
                        358,
                        246,
                        525,
                        270
                    ],
                    "font_size": 53.332,
                    "letter_spacing": 14.375,
                    "font_id": 5534,
                    "color": [
                        163,
                        46,
                        33
                    ]
                },
                {
                    "text": " ",
                    "box": [
                        525,
                        246,
                        534,
                        270
                    ],
                    "font_size": 53.332,
                    "letter_spacing": 14.375,
                    "font_id": 5534,
                    "color": [
                        163,
                        46,
                        33
                    ]
                },
                {
                    "text": "~",
                    "box": [
                        534,
                        246,
                        553,
                        270
                    ],
                    "font_size": 53.332,
                    "letter_spacing": 14.375,
                    "font_id": 5534,
                    "color": [
                        163,
                        46,
                        33
                    ]
                }
            ]
        },
        {
            "text": "SWOT ANALYSIS\n[ BRAND NAME ]",
            "box": [
                166,
                85,
                613,
                209
            ],
            "font_id": 5532,
            "font_size": 129.6744,
            "style": {
                "bold": false,
                "italic": false,
                "strikeout": false,
                "underline": false
            },
            "linespace": 1.22,
            "opacity": 255.0,
            "rotate": 0.0,
            "id": 1,
            "words": [
                {
                    "text": "SWOT",
                    "box": [
                        167,
                        85,
                        327,
                        143
                    ],
                    "font_size": 129.674,
                    "letter_spacing": 0.0,
                    "font_id": 5532,
                    "color": [
                        29,
                        54,
                        74
                    ]
                },
                {
                    "text": " ",
                    "box": [
                        327,
                        85,
                        343,
                        143
                    ],
                    "font_size": 129.674,
                    "letter_spacing": 0.0,
                    "font_id": 5532,
                    "color": [
                        29,
                        54,
                        74
                    ]
                },
                {
                    "text": "ANALYSIS",
                    "box": [
                        343,
                        85,
                        612,
                        143
                    ],
                    "font_size": 129.674,
                    "letter_spacing": 0.0,
                    "font_id": 5532,
                    "color": [
                        29,
                        54,
                        74
                    ]
                },
                {
                    "text": "[",
                    "box": [
                        166,
                        151,
                        195,
                        209
                    ],
                    "font_size": 129.674,
                    "letter_spacing": 0.0,
                    "font_id": 5532,
                    "color": [
                        29,
                        54,
                        74
                    ]
                },
                {
                    "text": " ",
                    "box": [
                        195,
                        151,
                        211,
                        209
                    ],
                    "font_size": 129.674,
                    "letter_spacing": 0.0,
                    "font_id": 5532,
                    "color": [
                        29,
                        54,
                        74
                    ]
                },
                {
                    "text": "BRAND",
                    "box": [
                        211,
                        151,
                        396,
                        209
                    ],
                    "font_size": 129.674,
                    "letter_spacing": 0.0,
                    "font_id": 5532,
                    "color": [
                        29,
                        54,
                        74
                    ]
                },
                {
                    "text": " ",
                    "box": [
                        396,
                        151,
                        412,
                        209
                    ],
                    "font_size": 129.674,
                    "letter_spacing": 0.0,
                    "font_id": 5532,