{
    "form": [
        {
            "text": "\uc790\uc138\ud788 \uc54c\uc544\ubcf4\uae30",
            "box": [
                396,
                608,
                609,
                641
            ],
            "font_id": 1043,
            "font_size": 45.32822045121296,
            "style": {
                "bold": false,
                "italic": false,
                "strikeout": false,
                "underline": false
            },
            "linespace": 1.2,
            "opacity": 255.0,
            "rotate": 0.0,
            "id": 0,
            "words": [
                {
                    "text": "\uc790\uc138\ud788",
                    "box": [
                        396,
                        608,
                        484,
                        641
                    ],
                    "font_size": 45.328,
                    "letter_spacing": -1.0,
                    "font_id": 1043,
                    "color": [
                        61,
                        61,
                        61
                    ]
                },
                {
                    "text": " ",
                    "box": [
                        484,
                        608,
                        491,
                        641
                    ],
                    "font_size": 45.328,
                    "letter_spacing": -1.0,
                    "font_id": 1043,
                    "color": [
                        61,
                        61,
                        61
                    ]
                },
                {
                    "text": "\uc54c\uc544\ubcf4\uae30",
                    "box": [
                        491,
                        608,
                        609,
                        641
                    ],
                    "font_size": 45.328,
                    "letter_spacing": -1.0,
                    "font_id": 1043,
                    "color": [
                        61,
                        61,
                        61
                    ]
                }
            ]
        },
        {
            "text": "CRM\n\ub9c8\ucf00\ud305",
            "box": [
                318,
                251,
                713,
                523
            ],
            "font_id": 5556,
            "font_size": 195.57640059854825,
            "style": {
                "bold": false,
                "italic": false,
                "strikeout": false,
                "underline": false
            },
            "linespace": 1.03,
            "opacity": 255.0,
            "rotate": 0.0,
            "id": 1,
            "words": [
                {
                    "text": "CRM",
                    "box": [
                        376,
                        251,
                        713,
                        374
                    ],
                    "font_size": 195.576,
                    "letter_spacing": 1.0,
                    "font_id": 5556,
                    "color": [
                        255,
                        255,
                        255
                    ]
                },
                {
                    "text": "\ub9c8\ucf00\ud305",
                    "box": [
                        318,
                        400,
                        713,
                        523
                    ],
                    "font_size": 195.576,
                    "letter_spacing": 1.0,
                    "font_id": 5556,
                    "color": [
                        255,
                        255,
                        255
                    ]
                }
            ]
        },
        {
            "text": "\uace0\uac1d\ubcc4 \ub9de\ucda4\ud615 \ub9c8\ucf00\ud305",
            "box": [
                413,
                184,
                706,
                218
            ],
            "font_id": 1043,
            "font_size": 47.53884015162915,
            "style": {
                "bold": false,
                "italic": false,
                "strikeout": false,
                "underline": false
            },
            "linespace": 1.2,
            "opacity": 255.0,
            "rotate": 0.0,
            "id": 2,
            "words": [
                {
                    "text": "\uace0\uac1d\ubcc4",
                    "box": [
                        413,
                        184,
                        505,
                        218
                    ],
                    "font_size": 47.539,
                    "letter_spacing": -1.0,
                    "font_id": 1043,
                    "color": [
                        252,
                        226,
                        120
                    ]
                },
                {
                    "text": " ",
                    "box": [
                        505,
                        184,
                        513,
                        218
                    ],
                    "font_size": 47.539,
                    "letter_spacing": -1.0,
                    "font_id": 1043,
                    "color": [
                        252,
                        226,
                        120
                    ]
                },
                {
                    "text": "\ub9de\ucda4\ud615",
                    "box": [
                        513,
                        184,
                        606,
                        218
                    ],
                    "font_size": 47.539,
                    "letter_spacing": -1.0,
                    "font_id": 1043,
                    "color": [
                        252,
                        226,
                        120
                    ]
                },
                {
                    "text": " ",
                    "box": [
                        606,
                        184,
                        613,
                        218
                    ],
                    "font_size": 47.539,
                    "letter_spacing": -1.0,
                    "font_id": 1043,
                    "color": [
                        252,
                        226,
                        120
                    ]
                },
                {
                    "text": "\ub9c8\ucf00\ud305",
                    "box": [
                        613,
                        184,
                        706,
                        218
                    ],
                    "font_size": 47.539,
                    "letter_spacing": -1.0,
                    "font_id": 1043,
                    "color": [
                        252,
                        226,
                        120
                    ]
                }
            ]
        }
    ]
}