{
    "form": [
        {
            "text": "\uc2e0\uaddc\u00a0 \u00a0 \u00a0 \ub4f1\ub85d",
            "box": [
                85,
                289,
                713,
                387
            ],
            "font_id": 1083,
            "font_size": 165.33516393442622,
            "style": {
                "bold": false,
                "italic": true,
                "strikeout": false,
                "underline": false
            },
            "linespace": 1.2,
            "opacity": 255.0,
            "rotate": 0.0,
            "id": 0,
            "words": [
                {
                    "text": "\uc2e0\uaddc",
                    "box": [
                        85,
                        289,
                        314,
                        387
                    ],
                    "font_size": 165.335,
                    "letter_spacing": 0.0,
                    "font_id": 1083,
                    "color": [
                        255,
                        255,
                        255
                    ]
                },
                {
                    "text": "\u00a0 \u00a0 \u00a0 ",
                    "box": [
                        314,
                        289,
                        482,
                        387
                    ],
                    "font_size": 165.335,
                    "letter_spacing": 0.0,
                    "font_id": 1083,
                    "color": [
                        255,
                        255,
                        255
                    ]
                },
                {
                    "text": "\ub4f1\ub85d",
                    "box": [
                        482,
                        289,
                        713,
                        387
                    ],
                    "font_size": 165.335,
                    "letter_spacing": 0.0,
                    "font_id": 1083,
                    "color": [
                        255,
                        255,
                        255
                    ]
                }
            ]
        },
        {
            "text": "EVENT",
            "box": [
                332,
                56,
                467,
                84
            ],
            "font_id": 1083,
            "font_size": 47.58736855655973,
            "style": {
                "bold": false,
                "italic": false,
                "strikeout": false,
                "underline": false
            },
            "linespace": 1.3,
            "opacity": 255.0,
            "rotate": 0.0,
            "id": 1,
            "words": [
                {
                    "text": "EVENT",
                    "box": [
                        332,
                        56,
                        467,
                        84
                    ],
                    "font_size": 47.587,
                    "letter_spacing": 0.0,
                    "font_id": 1083,
                    "color": [
                        255,
                        255,
                        255
                    ]
                }
            ]
        },
        {
            "text": "\ubbf8\ub9ac\uc2a4\ud3ec\uce20\ud074\ub7fd",
            "box": [
                106,
                249,
                328,
                276
            ],
            "font_id": 1083,
            "font_size": 45.719866732864865,
            "style": {
                "bold": false,
                "italic": true,
                "strikeout": false,
                "underline": false
            },
            "linespace": 1.2,
            "opacity": 255.0,
            "rotate": 0.0,
            "id": 2,
            "words": [
                {
                    "text": "\ubbf8\ub9ac\uc2a4\ud3ec\uce20\ud074\ub7fd",
                    "box": [
                        106,
                        249,
                        328,
                        276
                    ],
                    "font_size": 45.72,
                    "letter_spacing": 0.0,
                    "font_id": 1083,
                    "color": [
                        255,
                        255,
                        255
                    ]
                }
            ]
        },
        {
            "text": "\ubc30\ub4dc\ubbfc\ud134\ud074\ub7fd\uc744 \ucc98\uc74c \ub4f1\ub85d\ud558\uc2dc\ub294 \ubd84\ub4e4\uaed8\n\ud584\ubc84\uac70 \uae30\ud504\ud2f0\ucf58\uc744\u00a0\ub4dc\ub9bd\ub2c8\ub2e4!",
            "box": [
                153,
                576,
                645,
                635
            ],
            "font_id": 1063,
            "font_size": 39.958442021254456,
            "style": {
                "bold": false,
                "italic": false,
                "strikeout": false,
                "underline": false
            },
            "linespace": 1.2,
            "opacity": 255.0,
            "rotate": 0.0,
            "id": 3,
            "words": [
                {
                    "text": "\ubc30\ub4dc\ubbfc\ud134\ud074\ub7fd\uc744",
                    "box": [
                        153,
                        576,
                        346,
                        600
                    ],
                    "font_size": 39.958,
                    "letter_spacing": -3.0,
                    "font_id": 1063,
                    "color": [
                        255,
                        255,
                        255
                    ]
                },
                {
                    "text": " ",
                    "box": [
                        346,
                        576,
                        354,
                        600
                    ],
                    "font_size": 39.958,
                    "letter_spacing": -3.0,
                    "font_id": 1063,
                    "color": [
                        255,
                        255,
                        255
                    ]
                },
                {
                    "text": "\ucc98\uc74c",
                    "box": [
                        354,
                        576,
                        409,
                        600
                    ],
                    "font_size": 39.958,
                    "letter_spacing": -3.0,
                    "font_id": 1063,
                    "color": [
                        255,
                        255,
                        255
                    ]
                },
                {
                    "text": " ",
                    "box": [
                        409,
                        576,
                        416,
                        600
                    ],
                    "font_size": 39.958,
                    "letter_spacing": -3.0,
                    "font_id": 1063,
                    "color": [
                        255,
                        255,
                        255
                    ]
                },
                {
                    "text": "\ub4f1\ub85d\ud558\uc2dc\ub294",
                    "box": [
                        416,
                        576,
                        554,
                        600
                    ],
                    "font_size": 39.958,
                    "letter_spacing": -3.0,
                    "font_id": 1063,
                    "color": [
                        255,
                        255,
                        255
                    ]
                },
                {
                    "text": " ",
                    "box": [
                        554,
                        576,
                        562,
                        600
                    ],
                    "font_size": 39.958,
                    "letter_spacing": -3.0,
                    "font_id": 1063,