{
    "form": [
        {
            "text": "80",
            "box": [
                -91,
                25,
                891,
                691
            ],
            "font_id": 1055,
            "font_size": 1021.6934695087285,
            "style": {
                "bold": false,
                "italic": false,
                "strikeout": false,
                "underline": false
            },
            "linespace": 1.08,
            "opacity": 109.64999999999999,
            "rotate": 0.0,
            "id": 0,
            "words": [
                {
                    "text": "80",
                    "box": [
                        -91,
                        25,
                        891,
                        691
                    ],
                    "font_size": 1021.694,
                    "letter_spacing": 0.0,
                    "font_id": 1055,
                    "color": [
                        255,
                        232,
                        20
                    ]
                }
            ]
        },
        {
            "text": "November 28 - December 30, 2039.",
            "box": [
                207,
                724,
                592,
                749
            ],
            "font_id": 1017,
            "font_size": 30.72169992237124,
            "style": {
                "bold": false,
                "italic": false,
                "strikeout": false,
                "underline": false
            },
            "linespace": 1.4689999999999999,
            "opacity": 255.0,
            "rotate": 0.0,
            "id": 1,
            "words": [
                {
                    "text": "November",
                    "box": [
                        207,
                        724,
                        316,
                        749
                    ],
                    "font_size": 30.722,
                    "letter_spacing": 0.0,
                    "font_id": 1017,
                    "color": [
                        255,
                        255,
                        255
                    ]
                },
                {
                    "text": " ",
                    "box": [
                        316,
                        724,
                        322,
                        749
                    ],
                    "font_size": 30.722,
                    "letter_spacing": 0.0,
                    "font_id": 1017,
                    "color": [
                        255,
                        255,
                        255
                    ]
                },
                {
                    "text": "28",
                    "box": [
                        322,
                        724,
                        350,
                        749
                    ],
                    "font_size": 30.722,
                    "letter_spacing": 0.0,
                    "font_id": 1017,
                    "color": [
                        255,
                        255,
                        255
                    ]
                },
                {
                    "text": " ",
                    "box": [
                        350,
                        724,
                        357,
                        749
                    ],
                    "font_size": 30.722,
                    "letter_spacing": 0.0,
                    "font_id": 1017,
                    "color": [
                        255,
                        255,
                        255
                    ]
                },
                {
                    "text": "-",
                    "box": [
                        357,
                        724,
                        367,
                        749
                    ],
                    "font_size": 30.722,
                    "letter_spacing": 0.0,
                    "font_id": 1017,
                    "color": [
                        255,
                        255,
                        255
                    ]
                },
                {
                    "text": " ",
                    "box": [
                        367,
                        724,
                        373,
                        749
                    ],
                    "font_size": 30.722,
                    "letter_spacing": 0.0,
                    "font_id": 1017,
                    "color": [
                        255,
                        255,
                        255
                    ]
                },
                {
                    "text": "December",
                    "box": [
                        373,
                        724,
                        483,
                        749
                    ],
                    "font_size": 30.722,
                    "letter_spacing": 0.0,
                    "font_id": 1017,
                    "color": [
                        255,
                        255,
                        255
                    ]
                },
                {
                    "text": " ",
                    "box": [
                        483,
                        724,
                        489,
                        749
                    ],
                    "font_size": 30.722,
                    "letter_spacing": 0.0,
                    "font_id": 1017,
                    "color": [
                        255,
                        255,
                        255
                    ]
                },
                {
                    "text": "30,",
                    "box": [
                        489,
                        724,
                        524,
                        749
                    ],
                    "font_size": 30.722,
                    "letter_spacing": 0.0,
                    "font_id": 1017,
                    "color": [
                        255,
                        255,
                        255
                    ]
                },
                {
                    "text": " ",
                    "box": [
                        524,
                        724,
                        530,
                        749
                    ],
                    "font_size": 30.722,
                    "letter_spacing": 0.0,
                    "font_id": 1017,
                    "color": [
                        255,
                        255,
                        255
                    ]
                },
                {
                    "text": "2039.",
                    "box": [
                        530,
                        724,
                        592,
                        749
                    ],
                    "font_size": 30.722,
                    "letter_spacing": 0.0,
                    "font_id": 1017,
                    "color": [
                        255,
                        255,
                        255
                    ]
                }
            ]
        },
        {
            "text": "MIRISHOP",
            "box": [
                322,
                67,
                487,
                82
            ],
            "font_id": 1055,
            "font_size": 22.12885852941156,
            "style": {
                "bold": false,
                "italic": false,
                "strikeout": false,
                "underline": false
            },
            "linespace": 1.0799999999999998,
            "opacity": 255.0,
            "rotate": 0.0,
            "id": 2,
            "words": [
                {
                    "text": "MIRISHOP",
                    "box": [
                        322,
                        67,
                        487,
                        82
                    ],
                    "font_size": 22.129,