{
    "form": [
        {
            "text": "~ Reference List ~",
            "box": [
                252,
                95,
                519,
                117
            ],
            "font_id": 5534,
            "font_size": 50.057759999999995,
            "style": {
                "bold": false,
                "italic": false,
                "strikeout": false,
                "underline": false
            },
            "linespace": 1.3499999999999999,
            "opacity": 255.0,
            "rotate": 0.0,
            "id": 0,
            "words": [
                {
                    "text": "~",
                    "box": [
                        252,
                        95,
                        270,
                        117
                    ],
                    "font_size": 50.058,
                    "letter_spacing": 14.316,
                    "font_id": 5534,
                    "color": [
                        163,
                        46,
                        33
                    ]
                },
                {
                    "text": " ",
                    "box": [
                        270,
                        95,
                        279,
                        117
                    ],
                    "font_size": 50.058,
                    "letter_spacing": 14.316,
                    "font_id": 5534,
                    "color": [
                        163,
                        46,
                        33
                    ]
                },
                {
                    "text": "REFERENCE",
                    "box": [
                        279,
                        95,
                        425,
                        117
                    ],
                    "font_size": 50.058,
                    "letter_spacing": 14.316,
                    "font_id": 5534,
                    "color": [
                        163,
                        46,
                        33
                    ]
                },
                {
                    "text": " ",
                    "box": [
                        425,
                        95,
                        434,
                        117
                    ],
                    "font_size": 50.058,
                    "letter_spacing": 14.316,
                    "font_id": 5534,
                    "color": [
                        163,
                        46,
                        33
                    ]
                },
                {
                    "text": "LIST",
                    "box": [
                        434,
                        95,
                        492,
                        117
                    ],
                    "font_size": 50.058,
                    "letter_spacing": 14.316,
                    "font_id": 5534,
                    "color": [
                        163,
                        46,
                        33
                    ]
                },
                {
                    "text": " ",
                    "box": [
                        492,
                        95,
                        501,
                        117
                    ],
                    "font_size": 50.058,
                    "letter_spacing": 14.316,
                    "font_id": 5534,
                    "color": [
                        163,
                        46,
                        33
                    ]
                },
                {
                    "text": "~",
                    "box": [
                        501,
                        95,
                        519,
                        117
                    ],
                    "font_size": 50.058,
                    "letter_spacing": 14.316,
                    "font_id": 5534,
                    "color": [
                        163,
                        46,
                        33
                    ]
                }
            ]
        },
        {
            "text": "Appendix",
            "box": [
                291,
                35,
                477,
                77
            ],
            "font_id": 5532,
            "font_size": 93.85824,
            "style": {
                "bold": false,
                "italic": false,
                "strikeout": false,
                "underline": false
            },
            "linespace": 1.1500000000000001,
            "opacity": 255.0,
            "rotate": 0.0,
            "id": 1,
            "words": [
                {
                    "text": "Appendix",
                    "box": [
                        291,
                        35,
                        477,
                        77
                    ],
                    "font_size": 93.858,
                    "letter_spacing": 0.0,
                    "font_id": 5532,
                    "color": [
                        29,
                        54,
                        74
                    ]
                }
            ]
        },
        {
            "text": "01. Please enter the title",
            "box": [
                144,
                146,
                318,
                160
            ],
            "font_id": 5533,
            "font_size": 33.332499999999996,
            "style": {
                "bold": false,
                "italic": false,
                "strikeout": false,
                "underline": false
            },
            "linespace": 1.28,
            "opacity": 255.0,
            "rotate": 0.0,
            "id": 2,
            "words": [
                {
                    "text": "01.",
                    "box": [
                        144,
                        146,
                        167,
                        160
                    ],
                    "font_size": 33.332,
                    "letter_spacing": 0.0,
                    "font_id": 5533,
                    "color": [
                        29,
                        54,
                        74
                    ]
                },
                {
                    "text": " ",
                    "box": [
                        167,
                        146,
                        171,
                        160
                    ],
                    "font_size": 33.332,
                    "letter_spacing": 0.0,
                    "font_id": 5533,
                    "color": [
                        29,
                        54,
                        74
                    ]
                },
                {
                    "text": "Please",
                    "box": [
                        171,
                        146,
                        214,
                        160
                    ],
                    "font_size": 33.332,
                    "letter_spacing": 0.0,
                    "font_id": 5533,
                    "color": [
                        29,
                        54,
                        74
                    ]
                },
                {
                    "text": " ",
                    "box": [
                        214,
                        146,
                        218,
                        160
                    ],
                    "font_size": 33.332,
                    "letter_spacing": 0.0,
                    "font_id": 5533,
                    "color": [
                        29,
                        54,
                        74
                    ]
                },
                {
                    "text": "enter",
                    "box": [
                        218,
                        146,
                        256,
                        160
                    ],
                    "font_size": 33.332,