{
    "form": [
        {
            "text": "ONE DAY CLASS",
            "box": [
                108,
                534,
                688,
                638
            ],
            "font_id": 1358,
            "font_size": 145.36102781565066,
            "style": {
                "bold": false,
                "italic": false,
                "strikeout": false,
                "underline": false
            },
            "linespace": 1.2799999999999998,
            "opacity": 255.0,
            "rotate": 0.0,
            "id": 0,
            "words": [
                {
                    "text": "ONE",
                    "box": [
                        108,
                        534,
                        261,
                        638
                    ],
                    "font_size": 145.361,
                    "letter_spacing": -2.0,
                    "font_id": 1358,
                    "color": [
                        113,
                        138,
                        126
                    ]
                },
                {
                    "text": " ",
                    "box": [
                        261,
                        534,
                        278,
                        638
                    ],
                    "font_size": 145.361,
                    "letter_spacing": -2.0,
                    "font_id": 1358,
                    "color": [
                        113,
                        138,
                        126
                    ]
                },
                {
                    "text": "DAY",
                    "box": [
                        278,
                        534,
                        438,
                        638
                    ],
                    "font_size": 145.361,
                    "letter_spacing": -2.0,
                    "font_id": 1358,
                    "color": [
                        113,
                        138,
                        126
                    ]
                },
                {
                    "text": " ",
                    "box": [
                        438,
                        534,
                        455,
                        638
                    ],
                    "font_size": 145.361,
                    "letter_spacing": -2.0,
                    "font_id": 1358,
                    "color": [
                        113,
                        138,
                        126
                    ]
                },
                {
                    "text": "CLASS",
                    "box": [
                        455,
                        534,
                        688,
                        638
                    ],
                    "font_size": 145.361,
                    "letter_spacing": -2.0,
                    "font_id": 1358,
                    "color": [
                        113,
                        138,
                        126
                    ]
                }
            ]
        },
        {
            "text": "10% off for the first 10 people every day",
            "box": [
                198,
                668,
                601,
                693
            ],
            "font_id": -1,
            "font_size": 29.68306812234323,
            "style": {
                "bold": false,
                "italic": false,
                "strikeout": false,
                "underline": false
            },
            "linespace": 1.25,
            "opacity": 206.55,
            "rotate": 0.0,
            "id": 1,
            "words": [
                {
                    "text": "10%",
                    "box": [
                        198,
                        668,
                        244,
                        693
                    ],
                    "font_size": 29.683,
                    "letter_spacing": 0.0,
                    "font_id": 693,
                    "color": [
                        89,
                        89,
                        89
                    ]
                },
                {
                    "text": " ",
                    "box": [
                        244,
                        668,
                        250,
                        693
                    ],
                    "font_size": 29.683,
                    "letter_spacing": 0.0,
                    "font_id": 693,
                    "color": [
                        89,
                        89,
                        89
                    ]
                },
                {
                    "text": "off",
                    "box": [
                        250,
                        668,
                        278,
                        693
                    ],
                    "font_size": 29.683,
                    "letter_spacing": 0.0,
                    "font_id": 693,
                    "color": [
                        89,
                        89,
                        89
                    ]
                },
                {
                    "text": " ",
                    "box": [
                        278,
                        668,
                        285,
                        693
                    ],
                    "font_size": 29.683,
                    "letter_spacing": 0.0,
                    "font_id": 712,
                    "color": [
                        89,
                        89,
                        89
                    ]
                },
                {
                    "text": "for",
                    "box": [
                        285,
                        668,
                        312,
                        693
                    ],
                    "font_size": 29.683,
                    "letter_spacing": 0.0,
                    "font_id": 712,
                    "color": [
                        89,
                        89,
                        89
                    ]
                },
                {
                    "text": " ",
                    "box": [
                        312,
                        668,
                        318,
                        693
                    ],
                    "font_size": 29.683,
                    "letter_spacing": 0.0,
                    "font_id": 712,
                    "color": [
                        89,
                        89,
                        89
                    ]
                },
                {
                    "text": "the",
                    "box": [
                        318,
                        668,
                        351,
                        693
                    ],
                    "font_size": 29.683,
                    "letter_spacing": 0.0,
                    "font_id": 712,
                    "color": [
                        89,
                        89,
                        89
                    ]
                },
                {
                    "text": " ",
                    "box": [
                        351,
                        668,
                        357,
                        693
                    ],
                    "font_size": 29.683,
                    "letter_spacing": 0.0,
                    "font_id": 712,
                    "color": [
                        89,
                        89,
                        89
                    ]
                },
                {
                    "text": "first",
                    "box": [
                        357,
                        668,
                        395,
                        693
                    ],
                    "font_size": 29.683,
                    "letter_spacing": 0.0,
                    "font_id": 712,