{
    "form": [
        {
            "text": "09.10\n ~ \n09.20",
            "box": [
                608,
                44,
                753,
                198
            ],
            "font_id": 1022,
            "font_size": 68.0207167007072,
            "style": {
                "bold": false,
                "italic": false,
                "strikeout": false,
                "underline": false
            },
            "linespace": 0.9783499999999999,
            "opacity": 255.0,
            "rotate": 0.0,
            "id": 0,
            "words": [
                {
                    "text": "09.10",
                    "box": [
                        608,
                        44,
                        753,
                        99
                    ],
                    "font_size": 68.021,
                    "letter_spacing": 0.0,
                    "font_id": 1022,
                    "color": [
                        14,
                        79,
                        221
                    ]
                },
                {
                    "text": "~",
                    "box": [
                        723,
                        93,
                        753,
                        149
                    ],
                    "font_size": 68.021,
                    "letter_spacing": 0.0,
                    "font_id": 1022,
                    "color": [
                        14,
                        79,
                        221
                    ]
                },
                {
                    "text": " ",
                    "box": [
                        753,
                        93,
                        753,
                        149
                    ],
                    "font_size": 68.021,
                    "letter_spacing": 0.0,
                    "font_id": 1022,
                    "color": [
                        14,
                        79,
                        221
                    ]
                },
                {
                    "text": "09.20",
                    "box": [
                        608,
                        142,
                        753,
                        198
                    ],
                    "font_size": 68.021,
                    "letter_spacing": 0.0,
                    "font_id": 1022,
                    "color": [
                        14,
                        79,
                        221
                    ]
                }
            ]
        },
        {
            "text": "SELF -\nEXPLORATION\nCLUB",
            "box": [
                49,
                431,
                460,
                632
            ],
            "font_id": 1022,
            "font_size": 78.39258638247382,
            "style": {
                "bold": false,
                "italic": false,
                "strikeout": false,
                "underline": false
            },
            "linespace": 1.18,
            "opacity": 255.0,
            "rotate": 0.0,
            "id": 1,
            "words": [
                {
                    "text": "SELF",
                    "box": [
                        49,
                        431,
                        189,
                        495
                    ],
                    "font_size": 78.393,
                    "letter_spacing": 0.0,
                    "font_id": 1022,
                    "color": [
                        255,
                        255,
                        255
                    ]
                },
                {
                    "text": " ",
                    "box": [
                        189,
                        431,
                        206,
                        495
                    ],
                    "font_size": 78.393,
                    "letter_spacing": 0.0,
                    "font_id": 1022,
                    "color": [
                        255,
                        255,
                        255
                    ]
                },
                {
                    "text": "-",
                    "box": [
                        206,
                        431,
                        233,
                        495
                    ],
                    "font_size": 78.393,
                    "letter_spacing": 0.0,
                    "font_id": 1022,
                    "color": [
                        255,
                        255,
                        255
                    ]
                },
                {
                    "text": "EXPLORATION",
                    "box": [
                        49,
                        500,
                        460,
                        564
                    ],
                    "font_size": 78.393,
                    "letter_spacing": 0.0,
                    "font_id": 1022,
                    "color": [
                        255,
                        255,
                        255
                    ]
                },
                {
                    "text": "CLUB",
                    "box": [
                        49,
                        568,
                        206,
                        632
                    ],
                    "font_size": 78.393,
                    "letter_spacing": 0.0,
                    "font_id": 1022,
                    "color": [
                        255,
                        255,
                        255
                    ]
                }
            ]
        },
        {
            "text": "MIRI Univercity",
            "box": [
                221,
                599,
                407,
                627
            ],
            "font_id": 1019,
            "font_size": 34.58496458050315,
            "style": {
                "bold": false,
                "italic": false,
                "strikeout": false,
                "underline": false
            },
            "linespace": 1.469,
            "opacity": 255.0,
            "rotate": 0.0,
            "id": 2,
            "words": [
                {
                    "text": "MIRI",
                    "box": [
                        221,
                        599,
                        275,
                        627
                    ],
                    "font_size": 34.585,
                    "letter_spacing": 0.0,
                    "font_id": 1019,
                    "color": [
                        255,
                        255,
                        255
                    ]
                },
                {
                    "text": " ",
                    "box": [
                        275,
                        599,
                        282,
                        627
                    ],
                    "font_size": 34.585,
                    "letter_spacing": 0.0,
                    "font_id": 1019,
                    "color": [
                        255,
                        255,
                        255
                    ]
                },
                {
                    "text": "Univercity",
                    "box": [
                        282,
                        599,
                        407,
                        627
                    ],
                    "font_size": 34.585,
                    "letter_spacing": 0.0,
                    "font_id": 1019,
                    "color": [
                        255,
                        255,
                        255
                    ]
                }
            ]
        },
        {
            "text": "President Liam Smith\n123-456-7890",
            "box": [
                49,
                696,
                288,
                752
            ],
            "font_id": -1,
            "font_size": 30.665899999999997,