{
    "form": [
        {
            "text": "\ud654\uc774\ud2b8\n\ud2b9\uac00",
            "box": [
                165,
                252,
                633,
                562
            ],
            "font_id": 1055,
            "font_size": 212.69130071400951,
            "style": {
                "bold": false,
                "italic": false,
                "strikeout": false,
                "underline": false
            },
            "linespace": 1.09,
            "opacity": 255.0,
            "rotate": 0.0,
            "id": 0,
            "words": [
                {
                    "text": "\ud654\uc774\ud2b8",
                    "box": [
                        165,
                        252,
                        633,
                        390
                    ],
                    "font_size": 212.691,
                    "letter_spacing": -0.928,
                    "font_id": 1055,
                    "color": [
                        255,
                        255,
                        255
                    ]
                },
                {
                    "text": "\ud2b9\uac00",
                    "box": [
                        243,
                        423,
                        555,
                        562
                    ],
                    "font_size": 212.691,
                    "letter_spacing": -0.928,
                    "font_id": 1055,
                    "color": [
                        251,
                        164,
                        149
                    ]
                }
            ]
        },
        {
            "text": "\ud654\uc774\ud2b8\ub370\uc774 \uae30\ub150\u00a0SALE",
            "box": [
                220,
                197,
                581,
                234
            ],
            "font_id": -1,
            "font_size": 45.11916556217297,
            "style": {
                "bold": false,
                "italic": false,
                "strikeout": false,
                "underline": false
            },
            "linespace": 1.7889999999999997,
            "opacity": 255.0,
            "rotate": 0.0,
            "id": 1,
            "words": [
                {
                    "text": "\ud654\uc774\ud2b8\ub370\uc774",
                    "box": [
                        220,
                        197,
                        394,
                        234
                    ],
                    "font_size": 45.119,
                    "letter_spacing": 7.624,
                    "font_id": 1018,
                    "color": [
                        255,
                        255,
                        255
                    ]
                },
                {
                    "text": " ",
                    "box": [
                        394,
                        197,
                        406,
                        234
                    ],
                    "font_size": 45.119,
                    "letter_spacing": 7.624,
                    "font_id": 1018,
                    "color": [
                        255,
                        255,
                        255
                    ]
                },
                {
                    "text": "\uae30\ub150",
                    "box": [
                        406,
                        197,
                        475,
                        234
                    ],
                    "font_size": 45.119,
                    "letter_spacing": 7.624,
                    "font_id": 1018,
                    "color": [
                        255,
                        255,
                        255
                    ]
                },
                {
                    "text": "\u00a0",
                    "box": [
                        475,
                        197,
                        487,
                        234
                    ],
                    "font_size": 45.119,
                    "letter_spacing": 7.624,
                    "font_id": 1018,
                    "color": [
                        0,
                        0,
                        0
                    ]
                },
                {
                    "text": "SALE",
                    "box": [
                        487,
                        197,
                        581,
                        234
                    ],
                    "font_size": 45.119,
                    "letter_spacing": 7.624,
                    "font_id": 1020,
                    "color": [
                        251,
                        164,
                        149
                    ]
                }
            ]
        },
        {
            "text": "03.01 - 03.14",
            "box": [
                241,
                591,
                567,
                624
            ],
            "font_id": 1020,
            "font_size": 41.24926724279956,
            "style": {
                "bold": false,
                "italic": false,
                "strikeout": false,
                "underline": false
            },
            "linespace": 1.7890000000000001,
            "opacity": 255.0,
            "rotate": 0.0,
            "id": 2,
            "words": [
                {
                    "text": "03.01",
                    "box": [
                        241,
                        591,
                        374,
                        624
                    ],
                    "font_size": 41.249,
                    "letter_spacing": 30.885,
                    "font_id": 1020,
                    "color": [
                        255,
                        255,
                        255
                    ]
                },
                {
                    "text": " ",
                    "box": [
                        374,
                        591,
                        393,
                        624
                    ],
                    "font_size": 41.249,
                    "letter_spacing": 30.885,
                    "font_id": 1020,
                    "color": [
                        255,
                        255,
                        255
                    ]
                },
                {
                    "text": "-",
                    "box": [
                        393,
                        591,
                        416,
                        624
                    ],
                    "font_size": 41.249,
                    "letter_spacing": 30.885,
                    "font_id": 1020,
                    "color": [
                        255,
                        255,
                        255
                    ]
                },
                {
                    "text": " ",
                    "box": [
                        416,
                        591,
                        434,
                        624
                    ],
                    "font_size": 41.249,
                    "letter_spacing": 30.885,
                    "font_id": 1020,
                    "color": [
                        255,
                        255,
                        255
                    ]
                },
                {
                    "text": "03.14",
                    "box": [
                        434,
                        591,
                        567,
                        624
                    ],
                    "font_size": 41.249,
                    "letter_spacing": 30.885,
                    "font_id": 1020,
                    "color": [
                        255,
                        255,
                        255
                    ]
                }
            ]
        }
    ]
}