{
    "form": [
        {
            "text": "ACCOUNT BOOK",
            "box": [
                167,
                91,
                369,
                107
            ],
            "font_id": 1063,
            "font_size": 31.918069186775046,
            "style": {
                "bold": false,
                "italic": false,
                "strikeout": false,
                "underline": false
            },
            "linespace": 1.389,
            "opacity": 255.0,
            "rotate": 0.0,
            "id": 0,
            "words": [
                {
                    "text": "ACCOUNT",
                    "box": [
                        167,
                        91,
                        292,
                        107
                    ],
                    "font_size": 31.918,
                    "letter_spacing": 0.0,
                    "font_id": 1063,
                    "color": [
                        199,
                        159,
                        151
                    ]
                },
                {
                    "text": " ",
                    "box": [
                        292,
                        91,
                        298,
                        107
                    ],
                    "font_size": 31.918,
                    "letter_spacing": 0.0,
                    "font_id": 1063,
                    "color": [
                        199,
                        159,
                        151
                    ]
                },
                {
                    "text": "BOOK",
                    "box": [
                        298,
                        91,
                        369,
                        107
                    ],
                    "font_size": 31.918,
                    "letter_spacing": 0.0,
                    "font_id": 1063,
                    "color": [
                        199,
                        159,
                        151
                    ]
                }
            ]
        },
        {
            "text": "MON\u00a0 \u00a0 TUE\u00a0 \u00a0 WED\u00a0 \u00a0 THU\u00a0 \u00a0 FRI\u00a0 \u00a0 SAT\u00a0 \u00a0 SUN",
            "box": [
                223,
                168,
                493,
                177
            ],
            "font_id": 1063,
            "font_size": 17.83821437279508,
            "style": {
                "bold": false,
                "italic": false,
                "strikeout": false,
                "underline": false
            },
            "linespace": 1.389,
            "opacity": 255.0,
            "rotate": 0.0,
            "id": 1,
            "words": [
                {
                    "text": "MON",
                    "box": [
                        223,
                        168,
                        255,
                        177
                    ],
                    "font_size": 17.838,
                    "letter_spacing": 0.0,
                    "font_id": 1063,
                    "color": [
                        199,
                        159,
                        151
                    ]
                },
                {
                    "text": "\u00a0 \u00a0 ",
                    "box": [
                        255,
                        168,
                        267,
                        177
                    ],
                    "font_size": 17.838,
                    "letter_spacing": 0.0,
                    "font_id": 1063,
                    "color": [
                        199,
                        159,
                        151
                    ]
                },
                {
                    "text": "TUE",
                    "box": [
                        267,
                        168,
                        294,
                        177
                    ],
                    "font_size": 17.838,
                    "letter_spacing": 0.0,
                    "font_id": 1063,
                    "color": [
                        199,
                        159,
                        151
                    ]
                },
                {
                    "text": "\u00a0 \u00a0 ",
                    "box": [
                        294,
                        168,
                        307,
                        177
                    ],
                    "font_size": 17.838,
                    "letter_spacing": 0.0,
                    "font_id": 1063,
                    "color": [
                        199,
                        159,
                        151
                    ]
                },
                {
                    "text": "WED",
                    "box": [
                        307,
                        168,
                        338,
                        177
                    ],
                    "font_size": 17.838,
                    "letter_spacing": 0.0,
                    "font_id": 1063,
                    "color": [
                        199,
                        159,
                        151
                    ]
                },
                {
                    "text": "\u00a0 \u00a0 ",
                    "box": [
                        338,
                        168,
                        351,
                        177
                    ],
                    "font_size": 17.838,
                    "letter_spacing": 0.0,
                    "font_id": 1063,
                    "color": [
                        199,
                        159,
                        151
                    ]
                },
                {
                    "text": "THU",
                    "box": [
                        351,
                        168,
                        379,
                        177
                    ],
                    "font_size": 17.838,
                    "letter_spacing": 0.0,
                    "font_id": 1063,
                    "color": [
                        199,
                        159,
                        151
                    ]
                },
                {
                    "text": "\u00a0 \u00a0 ",
                    "box": [
                        379,
                        168,
                        392,
                        177
                    ],
                    "font_size": 17.838,
                    "letter_spacing": 0.0,
                    "font_id": 1063,
                    "color": [
                        199,
                        159,
                        151
                    ]
                },
                {
                    "text": "FRI",
                    "box": [
                        392,
                        168,
                        412,
                        177
                    ],
                    "font_size": 17.838,
                    "letter_spacing": 0.0,
                    "font_id": 1063,
                    "color": [
                        199,
                        159,
                        151
                    ]
                },
                {
                    "text": "\u00a0 \u00a0 ",
                    "box": [
                        412,
                        168,
                        425,
                        177
                    ],
                    "font_size": 17.838,
                    "letter_spacing": 0.0,
                    "font_id": 1063,
                    "color": [
                        199,
                        159,
                        151
                    ]
                },
                {
                    "text": "SAT",
                    "box": [
                        425,
                        168,
                        451,
                        177
                    ],