{
    "form": [
        {
            "text": "Smith & Olivia",
            "box": [
                217,
                597,
                582,
                658
            ],
            "font_id": 1213,
            "font_size": 95.99755263157896,
            "style": {
                "bold": false,
                "italic": false,
                "strikeout": false,
                "underline": false
            },
            "linespace": 1.5599999999999998,
            "opacity": 76.5,
            "rotate": 0.0,
            "id": 0,
            "words": [
                {
                    "text": "Smith",
                    "box": [
                        217,
                        597,
                        367,
                        658
                    ],
                    "font_size": 95.998,
                    "letter_spacing": 0.0,
                    "font_id": 1213,
                    "color": [
                        190,
                        208,
                        168
                    ]
                },
                {
                    "text": " ",
                    "box": [
                        367,
                        597,
                        386,
                        658
                    ],
                    "font_size": 95.998,
                    "letter_spacing": 0.0,
                    "font_id": 1213,
                    "color": [
                        190,
                        208,
                        168
                    ]
                },
                {
                    "text": "&",
                    "box": [
                        386,
                        597,
                        429,
                        658
                    ],
                    "font_size": 95.998,
                    "letter_spacing": 0.0,
                    "font_id": 1213,
                    "color": [
                        190,
                        208,
                        168
                    ]
                },
                {
                    "text": " ",
                    "box": [
                        429,
                        597,
                        447,
                        658
                    ],
                    "font_size": 95.998,
                    "letter_spacing": 0.0,
                    "font_id": 1213,
                    "color": [
                        190,
                        208,
                        168
                    ]
                },
                {
                    "text": "Olivia",
                    "box": [
                        447,
                        597,
                        582,
                        658
                    ],
                    "font_size": 95.998,
                    "letter_spacing": 0.0,
                    "font_id": 1213,
                    "color": [
                        190,
                        208,
                        168
                    ]
                }
            ]
        },
        {
            "text": "12:30pm at Miri Wedding Hall",
            "box": [
                238,
                704,
                562,
                725
            ],
            "font_id": 668,
            "font_size": 31.99928048780488,
            "style": {
                "bold": false,
                "italic": false,
                "strikeout": false,
                "underline": false
            },
            "linespace": 1.25,
            "opacity": 255.0,
            "rotate": 0.0,
            "id": 1,
            "words": [
                {
                    "text": "12:30pm",
                    "box": [
                        238,
                        704,
                        330,
                        725
                    ],
                    "font_size": 31.999,
                    "letter_spacing": 2.5,
                    "font_id": 668,
                    "color": [
                        86,
                        90,
                        93
                    ]
                },
                {
                    "text": " ",
                    "box": [
                        330,
                        704,
                        338,
                        725
                    ],
                    "font_size": 31.999,
                    "letter_spacing": 2.5,
                    "font_id": 668,
                    "color": [
                        86,
                        90,
                        93
                    ]
                },
                {
                    "text": "at",
                    "box": [
                        338,
                        704,
                        358,
                        725
                    ],
                    "font_size": 31.999,
                    "letter_spacing": 2.5,
                    "font_id": 668,
                    "color": [
                        86,
                        90,
                        93
                    ]
                },
                {
                    "text": " ",
                    "box": [
                        358,
                        704,
                        366,
                        725
                    ],
                    "font_size": 31.999,
                    "letter_spacing": 2.5,
                    "font_id": 668,
                    "color": [
                        86,
                        90,
                        93
                    ]
                },
                {
                    "text": "Miri",
                    "box": [
                        366,
                        704,
                        410,
                        725
                    ],
                    "font_size": 31.999,
                    "letter_spacing": 2.5,
                    "font_id": 668,
                    "color": [
                        86,
                        90,
                        93
                    ]
                },
                {
                    "text": " ",
                    "box": [
                        410,
                        704,
                        418,
                        725
                    ],
                    "font_size": 31.999,
                    "letter_spacing": 2.5,
                    "font_id": 668,
                    "color": [
                        86,
                        90,
                        93
                    ]
                },
                {
                    "text": "Wedding",
                    "box": [
                        418,
                        704,
                        511,
                        725
                    ],
                    "font_size": 31.999,
                    "letter_spacing": 2.5,
                    "font_id": 668,
                    "color": [
                        86,
                        90,
                        93
                    ]
                },
                {
                    "text": " ",
                    "box": [
                        511,
                        704,
                        519,
                        725
                    ],
                    "font_size": 31.999,
                    "letter_spacing": 2.5,
                    "font_id": 668,
                    "color": [
                        86,
                        90,
                        93
                    ]
                },
                {
                    "text": "Hall",
                    "box": [
                        519,
                        704,
                        562,
                        725
                    ],
                    "font_size": 31.999,
                    "letter_spacing": 2.5,
                    "font_id": 668,